Date,MXBR,MXCA,MXCH,MXFR,MXGB,MXIN,MXJP,MXZA,TAMSCI,MXEG,BBDXY
2005-01-07,1109.9052,977.0099,677.276,146.7537,3174.4414,6.7406,6.9477,69.2108,8.3653,110.3956,1026.96
2005-01-14,1136.2742,994.0189,680.0357,146.8031,3162.2278,6.4797,7.1321,69.9322,8.3109,115.033,1018.19
2005-01-21,1108.849,996.1398,679.6234,146.3989,3170.8557,6.4517,6.976,68.7991,8.286,118.4544,1020.77
2005-01-28,1129.9055,985.3706,679.581,146.9332,3201.5197,6.6962,6.9747,70.5527,8.3534,133.9877,1022.24
2005-02-04,1228.0465,1003.0042,678.1058,148.4746,3263.7311,6.9649,6.9546,68.7638,8.6899,146.8613,1030.6
2005-02-11,1247.6257,1037.8157,687.1467,150.6192,3310.539,6.952,6.9422,70.3104,8.6899,140.0854,1032.04
2005-02-18,1284.4161,1055.3038,702.0481,153.5941,3365.547,6.8708,7.0013,73.3376,8.7975,145.6302,1022.36
2005-02-25,1356.8801,1059.1859,715.9116,155.6637,3382.092,6.8761,7.0275,76.1097,9.0084,150.8332,1014.93
2005-03-04,1383.1068,1088.3363,727.369,157.8852,3416.5716,7.1376,7.2034,76.9756,8.9855,164.6023,1012.88
2005-03-11,1298.0781,1086.4887,733.4653,158.7011,3387.5808,7.1812,7.2863,77.3486,9.0153,179.2724,1002.28
2005-03-18,1270.9856,1091.6703,716.1228,157.0723,3354.9452,7.0131,7.2258,73.7556,8.6413,165.8328,1008.03
2005-04-01,1255.9654,1073.6327,697.9479,153.1753,3277.0034,6.8934,6.9919,70.6509,8.5895,158.4741,1030.74
2005-04-08,1238.7277,1062.6128,709.707,155.0507,3327.2869,6.7632,7.0415,70.9727,8.5053,162.0382,1032.4
2005-04-15,1164.7989,1009.1667,707.5509,151.4199,3280.792,6.5148,6.7914,68.4476,8.3156,165.1124,1033.78
2005-04-22,1194.8707,1028.4048,711.3666,151.1935,3291.9327,6.6199,6.7616,69.7594,8.1921,162.0501,1021.89
2005-04-29,1192.7141,1014.9897,701.832,147.1201,3248.1234,6.4433,6.8349,68.897,8.3893,173.9911,1027.52
2005-05-06,1262.9715,1047.6516,714.482,151.1899,3293.5821,6.7143,6.966,71.4608,8.7075,185.2513,1029.14
2005-05-13,1177.8859,1000.1733,694.267,148.2769,3204.2809,6.7757,6.6969,68.4596,8.6836,186.6219,1045.34
2005-05-20,1232.3562,1018.3421,697.7284,150.895,3222.7093,6.8266,6.639,67.7447,8.6097,174.4329,1051.12
2005-05-27,1287.4083,1043.8572,715.8068,153.2948,3232.296,7.0389,6.6973,68.9187,8.7209,177.6171,1047.71
2005-06-03,1346.0723,1050.4246,707.7322,150.967,3227.4088,7.0912,6.7713,65.8748,8.8598,177.2066,1058.01
2005-06-10,1255.0466,1065.4969,703.6235,151.0698,3252.0503,7.149,6.7297,67.1424,8.958,185.7933,1064.31
2005-06-17,1358.3823,1098.9217,709.5464,153.8966,3309.4446,7.2777,6.8453,70.0627,9.1835,198.3907,1053.96
2005-06-24,1301.7125,1104.8293,698.6306,151.2175,3301.3007,7.5193,6.8345,68.8499,9.223,213.1403,1062.24
2005-07-01,1361.0814,1087.0462,693.4801,152.074,3259.2178,7.6047,6.7293,68.3396,9.043,208.2336,1078.71
2005-07-08,1340.1056,1139.223,693.6222,153.0507,3236.392,7.6,6.6594,68.8771,8.8462,211.3088,1080.6
2005-07-15,1357.9531,1134.7077,715.6041,157.408,3268.4332,7.6475,6.7633,74.345,9.2674,212.8009,1075.42
2005-07-22,1377.8793,1163.8648,718.0235,158.8391,3237.8529,7.8504,6.7738,74.9351,9.3373,212.9397,1072.16
2005-07-29,1382.9139,1164.7256,735.1428,161.096,3308.0786,8.0413,6.8106,75.6589,9.1796,209.2903,1071.63
2005-08-05,1471.7088,1184.4211,748.7729,162.6658,3366.1985,8.1681,6.7499,78.6625,9.4451,202.9893,1059.64
2005-08-12,1480.4698,1226.7709,764.0469,166.0748,3467.1377,8.1532,7.2394,81.7282,9.2949,200.2231,1047.73
2005-08-19,1417.3912,1187.4503,747.6858,162.8908,3413.203,8.1618,7.2108,78.7693,8.9261,198.5939,1064.31
2005-08-26,1449.3938,1196.3734,736.7742,159.8024,3378.6893,8.0248,7.3805,78.4706,8.8938,202.9324,1058.36
2005-09-02,1562.4532,1242.9493,762.509,165.3337,3514.1077,8.2184,7.4661,84.0094,8.7864,210.4673,1043.84
2005-09-09,1634.4037,1269.6606,773.8772,166.9004,3529.3091,8.3661,7.5311,84.2217,8.7572,217.7403,1046.15
2005-09-16,1685.9421,1272.8371,769.0153,164.8754,3495.6039,8.6853,7.6212,85.1849,8.6014,219.2073,1059.01
2005-09-23,1772.5889,1281.2422,754.8846,161.4871,3448.0799,8.4629,7.7276,84.4322,8.3696,223.3218,1069.89
2005-09-30,1828.2743,1304.9654,766.434,165.509,3464.0312,8.8585,8.0391,88.6518,8.688,233.7498,1071.36
2005-10-07,1680.8626,1238.7845,779.0875,164.0472,3380.9788,8.7011,7.7836,81.7472,8.6237,232.3219,1070.46
2005-10-14,1665.175,1212.4411,768.1195,161.7681,3344.9654,8.3357,7.9209,79.1704,8.3614,239.6309,1075
2005-10-21,1635.6977,1194.4761,758.8566,156.0877,3256.4769,8.1539,7.7066,78.5602,7.9848,231.5071,1082.83
2005-10-28,1650.629,1202.5292,768.4006,155.9423,3313.4917,7.7594,7.8781,79.5713,7.8717,228.6689,1076.01
2005-11-04,1759.1457,1241.5922,789.5629,159.0461,3399.4964,8.1271,8.1283,83.444,8.3323,237.6656,1092.4
2005-11-11,1787.108,1235.7347,800.9723,158.5571,3410.1617,8.4414,8.1468,83.8191,8.6592,248.8888,1094.86
2005-11-18,1805.0387,1240.9731,807.0545,160.1407,3385.5619,8.6492,8.2997,87.5466,8.642,237.9482,1097.07
2005-11-25,1858.4055,1299.1277,813.1451,161.5679,3404.6039,8.8059,8.276,89.1343,8.697,235.0472,1097.35
2005-12-02,1934.9762,1308.8423,824.4175,163.8362,3452.8806,8.8881,8.4925,89.2809,8.8824,235.5362,1094.8
2005-12-09,1877.8495,1329.2765,831.515,165.4536,3487.2893,9.008,8.5346,91.4525,8.902,252.3394,1090.14
2005-12-16,1842.7833,1329.8057,831.6805,169.5012,3530.491,9.4081,8.7856,92.357,9.1101,249.6762,1074.51
2005-12-23,1841.3707,1333.1792,817.8847,169.2792,3495.7012,9.403,9.0937,96.9262,9.3436,254.3722,1084.85
2005-12-30,1850.7656,1340.9923,826.13,167.5788,3481.9822,9.5821,9.0127,96.7766,9.4484,264.4447,1087.27
2006-01-06,2040.819,1381.7036,872.3682,177.7127,3657.8114,9.9668,9.4896,103.1428,9.8889,279.7371,1065.15
2006-01-13,2103.4141,1382.211,876.5346,177.0374,3654.3264,9.7675,9.4721,107.1606,9.9386,307.6645,1063.97
2006-01-20,2139.0108,1390.6729,861.0344,173.7357,3600.9389,9.9332,9.0952,108.2479,9.6194,314.8788,1065.87
2006-01-27,2256.0701,1432.7622,870.8343,180.6552,3693.7467,10.2524,9.3248,110.3585,9.7369,333.8726,1069.18
2006-02-03,2204.5651,1442.3611,867.5868,178.0406,3652.1229,10.0886,9.2822,111.3106,9.7958,339.0854,1074.46
2006-02-10,2223.9434,1400.3526,864.293,175.8806,3630.2774,10.4518,9.1312,111.3514,9.76,315.2139,1079.93
2006-02-17,2357.1615,1418.7463,863.7595,178.6772,3666.647,10.2557,8.8559,111.6171,9.8244,285.744,1078.88
2006-02-24,2355.6855,1423.5887,865.8476,180.3,3686.3351,10.4018,9.1898,110.1829,9.6228,297.1501,1078.7
2006-03-03,2399.8983,1469.0623,877.9,180.0494,3709.2995,10.7774,9.0686,105.7501,9.6646,296.4961,1070.15
2006-03-10,2185.4203,1416.7493,870.1812,180.6118,3697.2068,11.1265,9.0482,102.8293,9.5058,280.5493,1086.69
2006-03-17,2310.4314,1439.2926,897.3153,187.6335,3826.9145,11.2888,9.3777,110.5738,9.5582,274.4745,1069.62
2006-03-24,2254.7495,1446.4218,884.2658,188.1387,3828.5393,11.289,9.3872,112.1327,9.2549,285.0011,1082.56
2006-03-31,2244.9509,1447.1488,887.3193,189.7428,3776.2632,11.6139,9.6684,114.3955,9.6896,286.9961,1080.1
2006-04-07,2343.4822,1490.1675,896.4708,188.0844,3819.4824,11.8942,9.9304,115.0694,9.988,301.0599,1079.2
2006-04-21,2436.1007,1524.3814,920.9379,194.0485,3975.2304,12.1668,9.9233,118.3635,10.4387,283.2472,1061.96
2006-04-28,2459.4211,1521.3793,943.9783,196.1077,3997.199,12.0469,9.9397,119.1813,10.6679,281.4308,1041.14
2006-05-05,2594.2767,1547.7752,960.8593,202.1222,4129.0124,12.6663,10.1916,121.5208,11.0498,286.2916,1030.74
2006-05-12,2460.3351,1511.8963,967.1211,200.5364,4078.1896,12.5416,10.1009,116.7754,10.9027,269.6346,1018.78
2006-05-19,2214.9099,1435.8224,911.6887,191.3098,3879.2038,10.9845,9.6649,103.2833,10.3401,260.1747,1030.55
2006-05-26,2199.5993,1480.291,911.6739,194.5441,3927.9922,10.7917,9.4326,104.6006,9.9964,222.0804,1033.1
2006-06-02,2176.8209,1504.6748,928.0926,195.878,3970.942,10.454,9.5136,103.517,10.139,238.4641,1025.68
2006-06-09,1969.2978,1425.8433,881.5404,184.78,3813.429,9.7134,8.7021,95.0782,9.2972,233.8903,1042.44
2006-06-16,1946.7263,1387.1757,864.9098,182.1096,3787.8368,9.7756,8.7786,92.9511,9.5191,209.4254,1046.65
2006-06-23,1993.8246,1393.4647,876.8827,185.4943,3794.0815,10.2745,8.7592,88.8131,9.3299,212.9241,1055.9
2006-06-30,2187.9046,1452.8571,912.3993,195.394,3946.6022,10.5459,9.1725,96.6523,9.7761,210.1268,1039.58
2006-07-07,2168.1256,1458.9461,915.0513,195.426,3991.8465,10.4813,9.1322,98.1666,9.6941,233.5171,1034.6
2006-07-14,2080.1154,1438.2856,886.8501,186.4209,3835.5125,10.5715,8.6533,93.5341,9.2475,222.8705,1045.79
2006-07-21,2083.6297,1400.0238,898.4742,188.0498,3884.4856,9.8637,8.6447,92.9959,9.2698,214.7899,1044.62
2006-07-28,2218.9242,1461.1451,939.1248,197.089,4065.2599,10.4659,9.0464,97.1596,9.3875,238.8802,1037.98
2006-08-04,2266.3468,1478.2835,942.9393,199.2862,4115.5116,10.6367,9.1521,99.0826,9.3688,245.0213,1031.05
2006-08-11,2214.7158,1488.5616,922.427,194.3213,4036.3261,11.0175,9.0289,99.258,9.7152,246.2284,1039.06
2006-08-18,2261.8615,1493.8999,954.835,201.5521,4086.8562,11.3768,9.4234,97.2336,9.9899,245.0699,1036.32
2006-08-25,2159.7371,1524.5934,953.8796,200.3922,4086.9329,11.4473,9.1782,97.6347,9.5919,259.543,1039.47
2006-09-01,2248.3276,1534.0892,971.0512,204.6545,4178.0711,11.6581,9.2819,97.7501,9.8161,267.7026,1033.69
2006-09-08,2170.5459,1476.131,954.8852,197.8489,4045.2665,11.8541,9.2079,93.6377,9.8912,259.2371,1044.49
2006-09-15,2150.0684,1449.679,955.3531,200.2582,4075.4033,11.9836,8.9948,91.6972,9.9275,267.311,1045.17
2006-09-22,2017.2351,1441.6706,981.4753,202.7875,4094.4373,12.2328,8.9438,91.2277,10.1821,275.2165,1037.9
2006-09-29,2158.8265,1472.328,983.2703,205.2224,4128.8078,12.4594,9.1292,90.9274,10.1109,279.2256,1045.42
2006-10-06,2228.151,1451.4715,986.9082,204.9755,4159.8855,12.5132,9.224,90.6063,10.2652,272.5143,1051.57
2006-10-13,2316.2845,1463.0134,990.8009,205.7611,4228.4788,12.9558,9.1486,96.6398,10.343,271.4973,1055.87
2006-10-20,2302.5059,1497.0779,1002.4699,208.7789,4290.5059,12.9617,9.3145,97.7913,10.2278,274.6312,1046.89
2006-10-27,2353.9801,1536.133,1017.389,211.6886,4324.4597,13.1991,9.4434,98.4075,10.3094,274.6312,1038.79
2006-11-03,2402.113,1537.682,1012.2369,209.2449,4324.3382,13.5158,9.2156,102.4657,10.5009,284.1001,1040.98
2006-11-10,2434.0751,1555.3383,1031.4094,216.3244,4403.8186,13.7505,9.0789,106.1598,10.5353,279.0678,1036.7
2006-11-17,2429.9674,1540.3606,1029.79,215.9325,4356.2101,13.8,9.028,101.6875,10.58,279.855,1041.25
2006-11-24,2466.6913,1586.0135,1046.7198,218.697,4396.8753,14.1321,8.9621,108.9599,10.8999,288.8346,1024.94
2006-12-01,2449.732,1587.4878,1035.1125,216.8404,4440.9315,14.2503,9.3914,110.0563,11.3376,287.6981,1018.3
2006-12-08,2577.4732,1600.2695,1042.0233,220.5708,4487.41,14.1725,9.3803,110.2683,11.3028,293.1794,1021.8
2006-12-15,2610.0521,1580.5609,1055.162,224.3294,4552.2318,14.1248,9.4855,111.7745,11.0663,296.479,1028.86
2006-12-22,2590.5821,1558.511,1048.8576,221.8099,4518.4611,13.9952,9.5299,115.7572,11.2029,300.9584,1028.1
2006-12-29,2688.4529,1576.8416,1057.9314,226.5997,4543.5113,14.4847,9.5876,117.7493,11.4172,309.2678,1027.45
2007-01-05,2545.5812,1511.1208,1056.4002,222.6962,4483.6203,14.557,9.5698,110.2546,11.4177,318.1163,1035.98
2007-01-12,2601.8909,1543.3901,1062.3804,225.2049,4558.8934,14.6845,9.485,112.4171,11.3001,313.1578,1040.43
2007-01-19,2637.7021,1545.9494,1078.7147,225.7398,4602.8377,14.8797,9.5738,115.3426,11.3641,308.4682,1038.97
2007-01-26,2704.2733,1568.0135,1060.1424,223.4445,4559.4474,14.987,9.6461,116.2282,11.276,300.2221,1045.15
2007-02-02,2771.79,1580.9063,1090.3309,227.8435,4635.4716,15.184,9.759,118.933,11.2256,303.1235,1041.17
2007-02-09,2714.0333,1592.395,1092.9797,229.5329,4659.3725,15.3142,9.7408,118.3712,11.2987,312.8577,1041.56
2007-02-16,2790.8035,1634.5236,1111.3293,232.6309,4687.5206,15.1267,10.1109,122.4521,11.1774,323.8298,1032.26
2007-02-23,2805.0262,1642.4281,1102.8169,233.6839,4708.3993,14.3206,10.1884,126.1323,11.1774,330.203,1034.09
2007-03-02,2549.5794,1558.9283,1061.4214,222.1521,4458.5873,13.4978,10.0089,113.9484,10.937,321.5549,1028.65
2007-03-09,2681.1954,1592.3216,1067.6138,225.3721,4545.9926,13.5181,9.9281,116.9619,10.6989,319.2172,1034.24
2007-03-16,2605.5054,1559.272,1065.3264,222.7719,4490.6104,13.1503,9.7497,113.7528,10.859,322.034,1024.64
2007-03-23,2798.2439,1631.808,1100.9891,232.5756,4701.2567,14.1659,10.0478,123.8262,11.0909,317.5394,1023.98
2007-03-30,2852.9373,1631.3252,1092.7261,233.9931,4698.3847,13.9964,9.9692,124.3093,11.0622,319.7287,1022.53
2007-04-06,2935.2157,1668.2405,1099.8966,239.6124,4759.2668,13.9301,9.8451,128.5317,11.2482,323.153,1019.29
2007-04-13,3011.8362,1705.5826,1116.103,242.8434,4851.9209,14.6579,9.7724,131.3293,11.2041,330.2775,1014.58
2007-04-20,3094.5754,1735.5576,1155.6684,250.2664,4919.4684,15.3949,9.8627,136.9225,11.0913,329.6805,1009.68
2007-04-27,3054.1271,1739.5213,1162.7139,250.3269,4855.1452,15.6998,9.7111,136.3032,11.0955,334.1703,1010.3
2007-05-04,3147.4874,1775.5178,1165.8853,255.8242,4991.5009,15.9426,9.6968,138.1214,11.3878,335.2612,1012.38
2007-05-11,3181.6969,1798.9059,1156.1398,253.8092,4936.4489,15.6676,9.8094,135.9532,11.2899,341.6156,1014.09
2007-05-18,3337.6014,1854.6621,1150.0097,257.0303,4984.9019,16.413,9.6138,134.0689,11.264,334.27,1016.3
2007-05-25,3318.0702,1858.289,1144.5712,255.9434,4952.5997,16.5819,9.6743,132.8649,11.4769,342.2833,1017.27
2007-06-01,3508.4056,1901.2893,1160.8562,260.8511,5023.9461,16.8715,9.9425,132.3877,11.6373,352.8232,1015.53
2007-06-08,3322.7593,1857.0322,1107.9911,247.9467,4855.6552,16.0085,9.8964,123.9859,11.7364,348.7557,1019
2007-06-15,3579.6193,1899.0445,1132.4102,257.6264,5056.557,16.3309,9.8414,130.8117,12.0972,350.3827,1021.11
2007-06-22,3525.0856,1874.1585,1117.3574,255.0651,4981.7288,16.7178,9.8497,129.9795,12.6656,357.2098,1017.51
2007-06-29,3525.0277,1880.9867,1129.3022,258.0595,5038.213,16.9282,9.8825,128.357,12.6261,352.1633,1012.89
2007-07-06,3713.9032,1927.0338,1141.0527,262.1176,5115.0779,17.3469,9.9108,131.907,13.0628,368.5476,1008.99
2007-07-13,3898.9753,1987.0995,1155.7529,265.9916,5190.7998,17.7689,10.0444,135.6571,13.4639,375.9306,999.49
2007-07-20,3912.4362,1999.8978,1138.0135,259.6049,5143.8726,18.1208,10.089,137.6565,13.5548,380.3598,995.74
2007-07-27,3507.0617,1864.5623,1079.9075,242.8065,4785.9444,17.5532,9.8441,125.4471,12.8089,381.3619,1000.75
2007-08-03,3557.9214,1852.1935,1091.7677,243.5941,4840.7034,17.4735,9.7121,123.8626,12.7984,367.5571,994.18
2007-08-10,3389.8874,1843.1835,1071.821,235.5176,4662.8571,17.0648,9.5133,120.4838,12.5424,369.9587,998.89
2007-08-17,3021.0026,1779.6261,1060.2751,228.0446,4589.1527,15.9625,8.8883,111.4058,11.5051,352.8154,1003.38
2007-08-24,3390.9135,1861.301,1093.7487,240.3482,4788.3624,16.2506,9.4008,120.2812,12.3019,340.5072,997.91
2007-08-31,3543.449,1878.3644,1102.3159,243.8698,4868.1259,17.3967,9.5539,127.8513,12.7186,346.6951,998.76
2007-09-07,3584.6325,1874.5839,1094.5667,236.3583,4812.9685,17.8387,9.4544,125.2398,12.75,365.7279,989.47
2007-09-14,3683.2266,1949.1347,1101.9326,242.0134,4838.1215,18.0834,9.2479,130.9724,12.7308,372.5938,988.34
2007-09-21,4008.8393,2027.0294,1133.3904,253.3124,4995.7083,19.5349,9.2914,134.8549,12.922,386.9187,978.26
2007-09-28,4255.1747,2052.3968,1145.4668,256.6114,5052.8946,20.3748,9.7987,136.8102,13.4796,393.3064,969.1
2007-10-05,4448.1151,2108.8119,1154.8063,260.5339,5161.8447,21.1356,9.8427,145.2714,13.8085,401.1374,974.44
2007-10-12,4500.6848,2131.9967,1162.1175,261.6816,5244.7668,21.9431,9.813,147.2615,13.6326,407.6654,974.62
2007-10-19,4398.3496,2110.1725,1143.6384,258.1233,5123.5434,20.7827,9.6061,144.4456,13.8894,409.6168,964.68
2007-10-26,4739.8403,2164.3089,1154.9415,262.8846,5228.0576,22.8742,9.5763,154.7567,14.044,418.5268,959.46
2007-11-02,4798.3444,2247.0428,1139.911,261.5014,5230.0596,23.8891,9.6718,152.2614,13.5397,441.124,952.64
2007-11-09,4901.1932,2159.7989,1124.2209,254.7504,5056.1782,22.7907,9.3417,153.09,13.2472,423.956,942.72
2007-11-16,4885.1677,2033.246,1137.9631,254.847,4950.8749,23.7129,9.1881,147.6261,12.7981,431.5282,949.13
2007-11-23,4486.4501,2000.0672,1133.3478,257.4459,4952.0306,22.6405,9.1948,142.9289,12.2323,441.8033,941.46
2007-11-30,4689.1581,1998.1418,1169.9595,262.5195,5066.3171,23.3256,9.5673,143.7276,12.629,443.6807,952.99
2007-12-07,4935.3471,2017.6101,1163.7509,263.8445,5079.3213,24.3836,9.6803,146.7091,12.8088,467.4977,954.82
2007-12-14,4675.2441,1970.9737,1125.6543,255.0015,4947.4937,24.7209,9.1617,135.6408,11.8397,465.2092,967.02
2007-12-21,4729.8295,2009.3575,1095.0945,252.9937,4880.9787,23.4528,8.9417,136.3886,11.6778,473.6257,969.78
2007-12-28,4895.0342,2070.1736,1126.3764,260.5049,4945.3101,24.9668,9.0967,142.6066,12.3072,482.838,956.81
2008-01-04,4584.5823,2020.1193,1099.1753,252.6268,4789.481,25.9014,9.0487,138.9689,11.9491,497.1565,951.49
2008-01-11,4654.8265,1969.2475,1106.6872,248.5959,4644.5804,25.7911,8.7931,135.7874,11.6194,511.5859,953.34
2008-01-18,4194.4965,1821.0536,1042.1456,233.2789,4420.6084,23.6289,8.7201,126.5165,11.8511,494.3542,955.29
2008-01-25,4260.1095,1885.991,1049.234,225.5871,4447.529,22.4224,8.7429,122.432,11.3354,460.2703,950.26
2008-02-01,4583.8086,1971.2802,1079.0553,232.6383,4554.2665,22.076,8.7181,125.8794,11.3727,475.3788,943.68
2008-02-08,4420.3548,1916.232,1009.4315,215.7888,4329.6475,20.9789,8.2851,114.476,11.3918,470.1369,954.1
2008-02-15,4611.3607,1931.638,1008.8244,221.2632,4358.2461,21.7893,8.6099,120.1269,11.7718,476.6791,949.53
2008-02-22,4980.9146,1973.4999,1028.4718,227.0061,4455.5228,20.6053,8.5841,123.8675,12.2129,499.852,944.27
2008-02-29,4963.0524,2043.0612,1084.2991,230.938,4494.992,20.96,8.8163,127.2887,12.8014,523.1151,924.69
2008-03-07,4813.6271,1977.1688,1057.2693,225.3831,4440.9808,18.6032,8.4064,122.2066,13.0457,524.437,919.38
2008-03-14,4784.6896,1984.2178,1073.6691,228.2581,4417.1304,18.4576,8.2764,125.4277,12.4426,523.7771,905.95
2008-03-28,4555.4332,1927.2643,1095.4075,235.2042,4407.4473,19.3212,8.7026,120.3198,13.1804,513.0572,908.41
2008-04-04,4937.9211,2016.6224,1132.3268,243.9022,4607.467,18.0759,8.8045,126.3006,13.2164,528.5552,911.23
2008-04-11,4906.028,1993.0634,1096.5873,240.137,4509.9306,18.648,8.8394,130.5451,13.7203,535.8366,909.96
2008-04-18,5212.6487,2109.0307,1102.4891,247.8808,4696.3464,19.6627,8.7396,132.1892,13.865,539.9288,911.87
2008-04-25,5185.5164,2076.0937,1105.0876,247.3241,4691.9068,20.2269,8.9915,131.4709,13.7314,552.6135,920.01
2008-05-02,5528.5145,2100.1213,1112.304,249.0115,4771.1057,20.5949,9.1635,132.2473,13.7364,557.2933,927.13
2008-05-09,5476.4331,2159.5658,1102.3578,246.0829,4714.6587,19.0807,9.1033,136.744,13.2682,540.9733,922.27
2008-05-16,5896.3098,2255.2374,1124.158,255.1651,4811.6932,19.4527,9.3857,142.3037,14.0099,477.4734,919.43
2008-05-23,5799.5532,2242.9384,1121.347,252.4583,4705.8718,18.5084,9.3212,139.9726,13.4123,502.2098,910.51
2008-05-30,5897.2066,2224.9476,1105.2863,254.2579,4668.7646,18.3826,9.3217,136.3702,13.2588,521.0286,918.7
2008-06-06,5681.1144,2212.981,1108.664,247.1717,4545.4625,17.1347,9.4702,131.5637,13.3695,519.662,916.22
2008-06-13,5417.9603,2162.3725,1063.7467,235.9602,4416.3687,16.6428,8.8742,123.341,12.4531,503.5537,934.62
2008-06-20,5300.5529,2156.8522,1048.0927,231.3215,4334.5703,15.9166,8.8283,119.7031,12.1646,493.0383,922.33
2008-06-27,5301.0785,2132.7551,1030.6293,227.5155,4307.3669,15.132,8.6648,123.1597,11.7105,483.2408,915.12
2008-07-11,4898.3287,2044.2197,995.1671,213.6435,4083.7866,14.7099,8.4568,118.0148,11.2758,465.3747,911.41
2008-07-18,4826.561,2024.6397,1019.7704,223.3627,4208.34,14.8478,8.176,119.4447,10.7995,461.0129,912.5
2008-07-25,4613.6262,1983.7352,1030.66,225.196,4170.5859,15.6948,8.3844,117.6976,11.3759,461.621,919.49
2008-08-01,4723.6513,1985.4511,1038.8169,220.3746,4135.4598,16.082,8.2267,121.7506,10.9527,457.2227,925.64
2008-08-08,4432.925,1886.3539,1027.7358,221.8705,4143.5034,16.7176,7.9609,115.4034,11.2444,440.9305,953.24
2008-08-15,4201.1921,1861.4819,1008.7678,215.037,4003.1917,15.9978,7.8839,115.4421,11.1871,411.5739,966.62
2008-08-22,4441.6461,1943.7975,990.2449,214.1463,4029.3623,15.5198,7.7106,116.9247,10.758,396.0099,963.33
2008-08-29,4385.0102,1953.627,1004.4068,215.6695,4043.9332,15.5023,8.0346,120.342,10.9028,414.1922,969.8
2008-09-05,3839.065,1815.1817,959.0678,196.7936,3658.5258,15.1685,7.607,109.2333,9.7066,409.7467,987.64
2008-09-12,3801.4018,1824.8817,975.4275,202.1828,3832.6618,14.2932,7.6179,108.9449,9.7132,391.3205,987.33
2008-09-19,3764.852,1872.1478,972.7925,205.0604,3855.5141,14.2243,7.4509,108.8867,9.3293,339.6718,975.33
2008-09-26,3607.4266,1781.0611,957.3407,199.2974,3700.0721,13.0544,7.5857,104.5503,9.2093,339.4627,970.28
2008-10-03,2907.9958,1519.8583,924.3348,184.0208,3498.3647,12.2453,6.9015,94.0875,8.8184,344.2888,1008.48
2008-10-10,2089.4533,1166.9924,722.4856,140.5178,2650.796,9.8369,5.8762,78.4329,7.7866,279.2606,1050.14
2008-10-17,2224.0075,1238.4681,812.4973,146.6387,2780.3791,9.272,6.0948,70.0206,7.5098,281.2539,1047.34
2008-10-24,1774.3327,1116.2873,738.4529,131.9821,2436.3719,7.9003,5.9093,57.2381,6.6607,237.8202,1094.3
2008-10-31,2292.3921,1245.406,800.6028,144.77,2799.0199,9.0505,6.1015,76.6007,7.1944,232.3126,1079.19
2008-11-07,2227.0751,1240.9227,772.0097,144.0555,2730.5351,9.4168,6.1929,69.5809,7.0019,258.966,1079.94
2008-11-14,2066.3091,1126.2894,740.9926,137.3746,2489.1046,8.6127,6.0337,70.9969,6.4503,235.8379,1097.68
2008-11-21,1645.3798,972.5107,635.0425,118.9928,2223.371,7.8957,5.7609,63.4248,5.9664,189.4968,1114.88
2008-11-28,2081.3372,1160.8064,723.8277,136.5447,2626.1088,8.0824,6.0006,75.5963,6.4205,198.8376,1096.34
2008-12-05,1750.3226,972.0414,680.7648,125.1649,2356.0174,8.0551,5.8251,67.7618,5.9823,200.7322,1104.07
2008-12-12,2169.5488,1062.2717,720.805,141.9125,2549.1679,8.9089,6.1026,75.2671,6.4652,215.0029,1071.1
2008-12-19,2163.9592,1079.3662,745.4596,148.1909,2540.9474,9.5844,6.3938,79.9047,6.9548,223.6269,1041.01
2008-12-26,2034.6598,1053.7254,765.3055,144.2148,2470.214,8.6156,6.4157,79.1914,6.4374,219.5952,1042.59
2009-01-02,2295.3679,1185.3689,779.8447,153.9285,2634.1729,9.2152,6.4596,86.1015,6.7439,233.5106,1052.54
2009-01-09,2365.6744,1187.4915,774.847,147.4149,2694.2264,8.7872,6.547,83.5636,6.5009,234.1351,1054.74
2009-01-16,2195.6006,1107.4622,735.8878,132.7797,2423.9263,8.5958,6.2154,77.3242,6.2707,217.9072,1073.35
2009-01-23,2125.9704,1076.4089,691.4049,122.4947,2213.7146,7.9002,5.9651,71.326,6.0526,190.1485,1090.63
2009-01-30,2220.298,1093.0974,690.5738,127.0664,2393.8364,8.6745,6.0604,75.2729,6.0526,192.5314,1094.85
2009-02-06,2504.4652,1136.9919,667.1624,134.2565,2541.586,8.5981,5.9208,80.8788,6.4298,169.4539,1087.93
2009-02-13,2436.4317,1084.4558,672.3952,129.1634,2414.0615,8.9269,5.731,77.0537,6.5445,182.0531,1097.67
2009-02-20,2154.2396,981.3092,634.8171,117.519,2246.2502,7.9608,5.4083,72.7542,6.1472,179.6364,1107.73
2009-02-27,2155.8483,997.2835,617.2955,115.0137,2205.7092,7.7896,5.311,70.0271,6.3076,179.3961,1129.41
2009-03-06,2102.9618,919.5826,574.1741,107.6605,1999.1336,7.2479,5.0361,66.939,6.4758,177.5623,1135.44
2009-03-13,2277.9269,1022.2338,610.2244,116.6547,2111.803,7.7242,5.0689,75.665,6.8147,182.0616,1120.8
2009-03-20,2406.7237,1074.0694,656.0685,126.3271,2244.2051,8.0989,5.4871,81.7008,6.9907,196.7493,1081.56
2009-03-27,2486.8542,1117.4964,658.552,125.785,2250.9547,9.065,5.8541,82.2545,7.569,210.017,1093.19
2009-04-03,2691.8836,1159.0544,688.4061,132.9279,2419.5453,9.4002,5.8109,88.7043,7.8531,213.6931,1079.71
2009-04-17,2766.9154,1227.1115,690.58,134.9436,2456.8284,10.1407,5.9652,88.1356,8.0048,246.8351,1088.64
2009-04-24,2793.5356,1244.6848,701.0417,138.5669,2482.4435,10.4464,5.9854,90.0093,8.1514,244.7589,1078.73
2009-05-01,2855.5685,1263.4462,722.2091,140.5358,2570.1443,10.4192,5.973,92.2168,8.5565,254.0574,1078.16
2009-05-08,3207.3793,1404.8723,761.7259,151.816,2750.3137,11.0561,6.3665,99.3155,9.4408,268.3507,1050.52
2009-05-15,3063.1512,1316.7411,752.4769,145.5757,2692.8986,11.3387,6.4996,95.2937,9.215,278.6083,1056.24
2009-05-22,3257.2433,1412.2313,784.4918,154.6788,2843.5233,13.6247,6.4743,103.765,9.6285,285.7992,1024.43
2009-05-29,3500.0961,1510.226,787.5298,158.5316,2920.4198,14.2747,6.5606,108.0163,9.8549,281.4528,1015.19
2009-06-05,3509.7681,1513.5357,785.372,160.742,2921.7629,14.7995,6.5099,107.7975,9.6668,306.8404,1032.2
2009-06-12,3581.218,1511.4332,806.7614,160.4884,3008.1454,14.8162,6.7419,106.8202,9.1472,304.5419,1026.29
2009-06-19,3385.8103,1441.4071,788.2911,154.9606,2944.1276,13.9579,6.645,103.872,8.8033,302.8796,1026.11
2009-06-26,3385.7102,1439.171,781.3383,152.3278,2884.6028,14.1907,6.7614,106.863,9.1377,272.2156,1022.63
2009-07-10,3120.8458,1335.0053,759.9307,144.3456,2749.4117,12.7646,6.5432,102.818,9.5746,272.1437,1029.22
2009-07-17,3420.9848,1481.1799,816.3983,157.2544,2950.4431,14.1013,6.4906,110.3703,9.8378,284.9312,1018.04
2009-07-24,3609.607,1574.6998,844.051,165.4971,3093.8554,14.8931,6.7495,115.8806,10.0374,299.443,1009.2
2009-07-31,3662.5855,1597.5275,874.7381,169.2578,3167.1594,15.1726,7.0134,114.9821,10.2506,312.0019,1003.43
2009-08-07,3864.3948,1598.1885,875.0144,172.8186,3261.3132,14.7921,6.8526,116.1463,9.9868,329.341,1010.43
2009-08-14,3825.9325,1572.261,879.673,172.1504,3226.5924,14.958,7.1679,113.8087,10.2283,327.1269,1008.54
2009-08-21,3886.8405,1590.2821,913.4009,178.8747,3317.3258,14.6537,6.976,119.2847,9.6819,320.5021,1001.35
2009-08-28,3797.0093,1600.1041,923.3522,183.5145,3318.0896,15.3201,7.2118,121.9852,9.9813,339.3716,1005.55
2009-09-04,3778.3683,1617.3281,908.27,178.6798,3299.1555,15.0882,7.0072,122.4464,10.4919,334.7151,1003.08
2009-09-11,3996.2023,1662.7428,945.9244,189.3004,3468.6094,15.7055,7.3175,129.3071,10.8423,340.0327,986.83
2009-09-18,4170.6878,1699.1406,969.2602,195.9596,3494.6574,16.2641,7.1862,131.1827,11.1563,348.259,985.97
2009-09-25,4144.4143,1633.1149,955.0287,191.037,3368.9205,16.2853,7.2094,127.9249,10.8725,356.7463,990.29
2009-10-02,4272.7138,1606.2929,935.149,185.4575,3294.0024,16.8255,6.8363,121.1841,11.0382,347.7076,991.68
2009-10-09,4581.2921,1737.9186,959.7427,194.8102,3401.9869,16.9733,7.0279,129.3187,11.2211,342.8423,980.29
2009-10-16,4783.1887,1758.4994,980.6778,198.3634,3523.731,17.6964,6.9771,131.7588,11.4099,363.9424,971.33
2009-10-23,4721.6159,1714.4169,995.8322,199.1102,3554.7346,17.183,6.8958,132.5841,11.241,366.5828,972.31
2009-10-30,4410.3638,1595.0717,963.3364,185.0507,3445.8733,16.0296,6.9847,122.329,10.7832,360.1798,980.57
2009-11-06,4676.4581,1655.5928,972.9307,191.5291,3553.1187,16.3797,6.8333,125.0708,10.9647,340.1687,974.71
2009-11-13,4707.9299,1721.9831,989.4614,197.94,3684.7813,17.328,6.8165,129.9419,11.3792,347.5491,965.75
2009-11-20,4763.5323,1712.2983,969.7424,193.1571,3613.1196,17.4256,6.6465,126.7171,11.3005,318.8398,971.11
2009-11-27,4796.3672,1708.3952,988.8242,194.2255,3611.0193,17.0144,6.5843,129.3207,11.0386,329.5262,963.15
2009-12-04,4883.5983,1732.3734,1007.1265,199.5922,3667.9526,17.7551,6.989,131.3699,11.3076,332.124,970.82
2009-12-11,4861.7318,1709.9139,974.4112,193.9714,3568.5393,17.6509,7.0483,130.2023,11.4582,323.991,977.42
2009-12-18,4609.5046,1701.8587,973.3503,189.9871,3494.3597,17.173,6.9797,130.0056,11.3441,336.331,989.94
2010-01-08,4994.0816,1832.1551,1017.1968,203.4214,3698.3937,18.4379,7.2247,137.7437,12.3593,336.0351,983.77
2010-01-15,4807.3342,1790.3126,1011.8025,199.186,3700.3006,18.6525,7.5792,134.3282,12.4822,349.6813,980.18
2010-01-22,4514.267,1693.3249,984.7581,189.6439,3573.9258,17.6358,7.4346,128.1259,11.7062,358.3111,992.78
2010-01-29,4321.4828,1642.9816,956.6836,182.5654,3470.8671,17.0309,7.0728,128.409,11.3683,347.7214,1004.92
2010-02-05,4143.6956,1651.4308,915.5288,171.1517,3307.9498,16.2621,7.0858,120.8634,10.7493,364.4487,1014.12
2010-02-12,4368.5062,1720.1877,936.3202,172.7927,3376.5968,16.7894,7.0458,124.3762,11.0322,363.5888,1011.17
2010-02-19,4590.0887,1777.706,975.3676,180.035,3474.8026,16.9177,6.869,128.2704,11.0322,360.021,1013.39
2010-02-26,4530.0463,1742.9809,978.1519,177.9296,3425.9871,17.2638,7.1395,128.2304,10.9509,352.7814,1010.76
2010-03-05,4770.0696,1841.0084,1011.7247,187.4288,3555.2718,18.087,7.1485,136.878,11.3322,356.0398,1009.55
2010-03-12,4841.4299,1868.7939,1024.2291,190.2292,3588.4093,18.2852,7.3551,138.7174,11.5199,358.0647,1002.38
2010-03-19,4726.3205,1864.0718,1030.3893,187.4957,3575.6352,18.6781,7.4586,143.367,11.6997,351.2623,1009.92
2010-03-26,4656.2355,1842.343,1020.7111,188.2987,3574.1324,18.8601,7.4192,139.6035,11.5977,357.1669,1019.19
2010-04-09,4969.3937,1921.1232,1032.8829,192.2633,3735.4384,19.56,7.5859,147.9878,12.0276,386.6227,1007.33
2010-04-16,4885.4894,1886.2615,1039.7952,190.0986,3728.4695,19.2257,7.6737,142.544,12.0901,405.1448,1006.43
2010-04-23,4867.4635,1934.4102,1017.2838,186.9376,3704.3505,19.2467,7.3937,141.3575,11.9795,397.7499,1011.3
2010-04-30,4817.5941,1904.5511,989.11,179.6951,3580.5952,19.2143,7.4837,143.3837,11.9918,395.1559,1016.43
2010-05-07,4220.1484,1780.0607,902.4899,155.2462,3202.9096,17.7626,7.2456,129.3049,11.202,375.6877,1044.09
2010-05-14,4379.7473,1849.1231,922.5529,159.9768,3246.6961,18.211,7.234,135.7752,11.4851,364.3462,1055.8
2010-05-21,3989.0185,1728.878,874.6113,156.6298,3094.5333,16.8687,6.9728,123.3708,10.5647,337.1536,1059.03
2010-05-28,4188.5432,1763.6623,885.2077,158.1991,3183.68,17.6157,6.8964,134.2639,10.6765,331.8975,1068.16
2010-06-04,4160.2767,1746.823,879.1303,152.2563,3157.1338,17.6031,6.9036,128.2009,10.6798,340.0872,1082.23
2010-06-11,4335.2245,1789.4959,902.3921,157.1876,3183.5758,17.5768,6.7227,129.164,10.5405,324.0002,1071.08
2010-06-18,4454.6485,1851.1574,940.5948,167.1113,3300.9982,18.3444,6.9236,137.9218,10.9036,332.8137,1051.42
2010-06-25,4416.1219,1792.7415,929.3104,159.7051,3212.7545,18.3689,6.8873,133.6117,10.8471,327.9485,1047.88
2010-07-02,4240.0036,1672.0293,910.2604,154.7355,3122.7445,18.0245,6.7188,127.8745,10.5356,313.9965,1046.46
2010-07-09,4423.23,1784.4148,952.2985,165.2243,3285.2502,18.4143,6.9128,134.722,11.2488,314.8772,1037.66
2010-07-16,4284.963,1749.0065,955.1491,166.4745,3354.3361,18.5326,6.9006,136.4708,11.3228,316.6873,1028.56
2010-07-23,4602.6803,1793.0961,958.3145,170.6959,3478.7324,18.5959,6.8614,142.9733,11.4954,315.7219,1023.94
2010-07-30,4687.5512,1813.6211,972.1051,174.642,3512.0183,18.542,6.9994,145.0587,11.6526,330.7471,1014.14
2010-08-06,4734.5251,1823.4343,990.6523,180.6997,3627.2363,18.9072,7.2012,145.4701,12.0079,337.0157,1001.73
2010-08-13,4571.5285,1759.7871,971.6443,169.5126,3514.9757,18.6634,6.8739,141.5283,11.8491,332.0679,1025.66
2010-08-20,4604.9563,1773.8327,971.9274,164.7923,3451.8179,18.9861,6.9057,139.3153,11.8878,334.4204,1026.02
2010-08-27,4560.2264,1786.5182,978.2427,164.7061,3452.7842,18.3974,6.8438,138.9989,11.6076,339.6903,1026.64
2010-09-03,4729.7428,1858.2502,1021.3252,174.4405,3583.6739,18.7632,6.9542,147.4588,11.7892,342.0561,1016.68
2010-09-10,4718.8599,1854.3869,1027.7822,174.8929,3619.7265,19.3674,7.0574,148.3938,11.9203,340.3362,1020.76
2010-09-17,4752.5915,1875.9414,1024.5499,179.335,3686.65,20.465,7.0925,151.2288,12.4188,342.9534,1010.09
2010-09-24,4831.8579,1887.1238,1048.2659,187.9833,3792.0109,21.1527,7.0981,155.7928,12.5253,351.7151,989.01
2010-10-01,5097.0871,1923.2161,1043.5053,187.6823,3788.5831,21.9633,7.1647,161.4635,12.8152,346.5102,977.36
2010-10-08,5150.8888,1967.171,1074.8024,193.7101,3864.1929,21.9016,7.3921,163.9089,12.8106,360.6864,967.37
2010-10-15,5265.7558,1979.5765,1092.1227,198.5617,3913.5577,21.9622,7.3569,166.7461,12.8548,359.2984,964.17
2010-10-22,5017.5415,1948.3901,1074.2802,199.3075,3858.6535,21.7365,7.3251,163.2243,12.7218,351.5304,970.5
2010-10-29,5091.4961,1975.8662,1069.1011,197.3513,3897.7867,21.6261,7.2924,163.7966,13.0592,344.76,966.02
2010-11-05,5303.6985,2047.4567,1118.4903,204.032,4087.3337,22.7372,7.4392,172.9651,13.6094,351.1586,957.14
2010-11-12,5039.6025,1998.7574,1080.2138,194.7119,4013.6974,21.6457,7.431,170.7812,13.3,348.6674,972.28
2010-11-19,5066.1782,2015.1021,1073.0921,195.7079,3933.0857,20.6607,7.5443,168.0096,13.2733,351.3591,976.67
2010-11-26,4876.1375,2002.0719,1052.311,184.2318,3803.366,19.8315,7.4682,162.8394,13.2291,349.6942,996.28
2010-12-03,5075.9386,2073.9173,1074.8838,187.6504,3886.3979,20.9943,7.7005,171.2443,13.8262,340.3776,981.65
2010-12-10,4910.0696,2078.2579,1082.859,190.5559,3947.5821,20.5543,7.6447,171.6653,14.0739,349.8635,990.26
2010-12-17,4926.3633,2068.2807,1095.0253,190.2849,3907.8147,20.7653,7.7407,172.0981,14.3485,351.6893,993.41
2010-12-31,5196.4783,2149.9229,1121.611,190.3888,3953.1711,21.7608,7.9985,183.4639,14.9174,364.2569,975.49
2011-01-07,5169.8451,2121.1683,1092.6506,187.2065,4000.069,20.6377,8.0728,175.3481,14.4969,367.0356,993.37
2011-01-14,5247.2382,2165.1443,1104.2801,198.3062,4101.6178,19.7484,8.0993,175.2201,15.0216,365.3135,977.29
2011-01-21,5136.1358,2120.8942,1111.8476,202.9753,4059.1813,19.8423,7.9525,168.3627,14.9462,340.9065,970.22
2011-01-28,4960.0978,2143.4372,1125.755,202.981,4016.7301,19.0185,8.0827,162.2408,15.3981,288.326,971.21
2011-02-04,4896.7224,2220.2113,1117.9237,204.8016,4165.8054,18.6964,8.1889,165.4407,15.3981,288.326,966.36
2011-02-11,4947.0533,2218.0082,1110.2256,206.516,4199.7597,18.3002,8.1809,163.0816,14.2645,287.2622,972.56
2011-02-18,5118.8072,2289.0879,1152.4193,211.3401,4274.2818,19.0107,8.4594,166.9885,14.6051,287.3526,964.5
2011-02-25,5081.1439,2290.7806,1150.8308,208.6558,4185.4685,18.4526,8.3212,167.8056,14.0213,287.0305,959.91
2011-03-04,5219.7868,2344.4587,1160.2547,209.7112,4218.473,19.4142,8.3856,172.1025,14.5928,286.4322,952.87
2011-03-11,5042.255,2245.5146,1125.3153,203.4861,4065.1188,19.0242,8.0748,169.7512,14.0099,285.6313,954.91
2011-03-18,5013.6843,2241.7125,1114.4509,201.532,4036.9671,18.8176,7.4497,162.5655,13.7269,286.0067,948.1
2011-03-25,5159.5576,2288.5903,1137.4718,208.6891,4111.4791,19.9823,7.5904,172.4204,14.1472,251.8295,950.85
2011-04-01,5404.8096,2345.4856,1145.4417,215.0394,4211.699,20.6558,7.4563,183.1301,14.4064,279.612,947.46
2011-04-08,5463.9712,2371.055,1167.2278,218.3816,4306.4373,20.9616,7.3254,185.6524,14.8477,280.9627,938.77
2011-04-15,5312.9419,2291.9794,1177.9502,214.0641,4257.4912,20.6695,7.3612,176.1509,14.4573,274.6689,935.6
2011-04-29,5305.2991,2348.7829,1253.5097,228.0399,4400.1773,20.429,7.639,188.927,15.258,260.6387,914.4
2011-05-06,5090.2626,2242.009,1234.6725,220.0204,4271.2992,19.5401,7.7557,179.0917,15.1103,257.5807,930.99
2011-05-13,4882.3061,2201.3124,1217.8421,214.4291,4191.7382,19.5107,7.5837,168.8597,15.2027,261.864,940.87
2011-05-20,4910.4983,2244.0695,1232.9663,215.8366,4227.4214,19.2404,7.3895,172.1189,14.8618,272.698,939.45
2011-05-27,5077.5816,2258.7494,1258.771,216.6497,4285.4577,19.1659,7.4396,174.7544,14.7376,283.0466,932.36
2011-06-03,5129.196,2214.7911,1273.3604,218.8585,4221.4598,19.4648,7.4041,177.9584,15.2542,278.6971,922.76
2011-06-10,4961.0385,2140.7892,1219.8939,210.9893,4111.7432,19.4482,7.3957,172.6182,14.8082,286.8636,934
2011-06-17,4869.555,2088.6882,1200.1373,210.633,4054.8667,18.9095,7.3017,170.3345,14.302,286.046,934.44
2011-06-24,4891.4496,2095.0975,1187.2445,206.8674,3997.652,19.1706,7.5229,166.7446,14.1683,282.6207,940.12
2011-07-01,5206.7882,2215.1314,1216.9603,223.9591,4227.629,19.9076,7.6704,177.3264,14.6505,276.4026,925.86
2011-07-08,5038.8043,2230.3485,1216.8432,215.5759,4217.0914,20.1418,7.8774,177.0981,14.7272,276.9707,931.15
2011-07-15,4856.2154,2230.4632,1203.3666,203.9927,4141.6844,19.7757,7.8856,176.0957,14.432,262.6395,929.31
2011-07-22,4974.1721,2274.7051,1221.8856,213.3639,4249.9834,20.0017,8.0327,176.6545,14.8953,264.3272,919.95
2011-07-29,4898.8106,2161.5839,1213.528,204.6939,4198.4899,19.4535,7.9034,174.8137,14.6749,258.9041,915.52
2011-08-05,4346.8237,1989.5952,1114.0269,180.8893,3788.4393,18.2897,7.3966,162.9505,13.3442,257.9615,926.3
2011-08-12,4276.5332,2028.6769,1123.0714,177.8185,3824.1042,17.5256,7.2128,159.7849,13.0664,237.3596,929.41
2011-08-19,4246.8355,1945.4307,1066.2025,168.8833,3688.9621,16.5902,7.0937,159.1495,12.5422,246.9862,924.52
2011-08-26,4269.3581,2004.3932,1086.9936,173.8208,3710.3548,16.0959,7.1044,159.4103,12.8164,243.8474,923.74
2011-09-02,4464.2512,2052.4347,1124.5475,174.3062,3797.2101,17.2988,7.2254,168.7222,13.3866,242.1294,929.61
2011-09-09,4297.3706,1988.8114,1013.4744,159.4005,3668.8293,17.1067,7.0259,164.6596,12.9995,247.3869,955.75
2011-09-16,4322.9834,1998.4358,1029.5945,163.3826,3758.4401,16.987,7.1836,163.4083,12.8664,228.3103,953.09
2011-09-23,3706.276,1779.9307,964.553,148.3899,3472.8135,15.5505,7.0073,142.2233,11.6483,227.9512,977.43
2011-09-30,3739.6023,1799.8672,1008.0948,156.5164,3562.0888,15.9439,7.1455,146.2271,11.9538,219.2599,986.17
2011-10-07,3843.8238,1797.1708,1007.1725,161.3763,3661.7219,15.692,7.0027,147.6451,11.9101,211.2154,982.97
2011-10-14,4146.8788,1916.0258,1061.6748,173.4179,3832.5181,16.5441,7.0337,153.0709,12.2259,222.6777,959.75
2011-10-21,4065.6645,1904.0914,1072.4104,171.205,3881.801,15.9328,7.0902,150.9934,12.0454,227.7587,957.54
2011-10-28,4523.6728,2031.148,1121.5233,184.6014,4081.6975,17.3703,7.4225,164.9995,12.816,232.5801,939.41
2011-11-04,4362.4454,1959.8087,1058.1954,168.2717,3948.1398,17.0329,6.9981,158.621,12.7239,238.4135,963.19
2011-11-11,4372.2897,1947.8278,1036.6393,168.9837,3965.0532,16.3263,6.8608,159.8061,12.3126,236.52,962.54
2011-11-18,4174.9972,1860.4749,1011.3681,158.0904,3775.6635,15.0952,6.7916,151.7899,12.0518,222.2147,975.93
2011-11-25,3832.8627,1750.0506,957.6907,147.7858,3557.0283,14.2046,6.595,143.423,11.2558,203.5126,995.73
2011-12-02,4263.2023,1905.8515,1026.1003,165.3592,3864.6625,15.5083,6.9444,159.0876,12.0208,218.9976,978.95
2011-12-09,4253.279,1895.7316,1034.0319,165.1316,3862.5127,14.7637,6.8989,158.7053,11.5959,211.0645,979.18
2011-12-16,4030.1615,1796.8048,1006.0103,151.1323,3730.1914,13.9714,6.7448,149.0524,11.3427,208.1352,995.6
2011-12-23,4140.938,1881.1988,1035.9192,158.527,3847.2588,14.0255,6.7048,155.2873,11.9709,193.1025,992.2
2011-12-30,4075.1058,1892.8453,1041.0689,160.2677,3861.1414,13.6702,6.8662,156.4176,11.9084,193.2049,993.39
2012-01-06,4197.9823,1912.8086,1034.0449,156.1818,3893.0644,14.1553,6.8662,157.2435,12.0342,193.809,1000.16
2012-01-13,4361.2304,1925.3526,1035.854,158.6579,3850.2205,14.848,6.9277,157.1673,12.2955,201.7074,999.82
2012-01-20,4628.8097,1972.4115,1080.1143,168.2255,3977.1612,15.773,7.1254,165.1938,12.3355,206.1416,985.32
2012-01-27,4697.6065,2007.817,1087.5624,171.4426,4024.3884,16.5432,7.198,169.17,12.3355,238.7106,970.51
2012-02-03,4868.7146,2043.1981,1105.4296,176.5808,4167.3938,17.1713,7.2047,176.2815,13.2189,246.8149,968.5
2012-02-10,4781.5004,1996.4269,1103.992,174.677,4117.8133,17.1333,7.2913,170.4558,13.4048,256.3382,973.68
2012-02-17,4923.0968,2019.3038,1120.9123,177.4854,4193.5811,17.7744,7.4405,170.8551,13.474,267.1008,975.91
2012-02-24,4957.7745,2057.9283,1142.7027,183.2572,4227.4127,17.4427,7.5238,176.4294,13.5588,275.7283,970.95
2012-03-02,5050.165,2067.718,1120.5815,181.6352,4213.1211,17.0918,7.4968,178.9874,13.8768,287.7911,977.68
2012-03-09,4828.8101,2040.6023,1127.4295,179.8753,4157.6044,16.8843,7.5028,177.5668,13.6585,290.5737,983.15
2012-03-16,4841.8558,2040.5976,1158.6426,186.0561,4256.7385,16.7034,7.6103,176.4445,13.7136,279.1822,983.15
2012-03-23,4701.8271,2022.2944,1148.7492,181.8737,4193.4834,16.2183,7.5462,172.3021,13.7974,278.8906,980.18
2012-03-30,4637.8444,2015.1471,1156.5501,180.4458,4168.0765,16.411,7.6217,174.6956,13.6403,272.9405,978.6
2012-04-13,4465.7989,1957.9767,1106.4962,165.6802,4051.4144,15.9136,7.4218,167.6569,13.4231,261.3859,986.16
2012-04-20,4413.755,1991.7107,1147.1471,167.3562,4207.402,15.9538,7.3242,172.6509,12.9458,259.6214,980.47
2012-04-27,4356.6608,2029.7804,1142.2538,172.4345,4250.8236,15.5083,7.3515,173.7346,13.0187,271.8329,973.46
2012-05-04,4196.9282,1936.7885,1115.1425,165.7914,4138.041,15.0055,7.2544,173.6736,13.3496,273.1224,981.92
2012-05-11,4058.1494,1903.2489,1084.6972,163.8534,4077.1386,14.4881,6.9777,166.9367,12.7625,276.3498,992.02
2012-05-18,3699.8588,1792.7138,1037.7803,154.8157,3789.4271,14.0805,6.7426,158.4304,12.2477,270.556,1002.64
2012-05-25,3717.3613,1825.452,1031.3134,154.4057,3813.4101,13.9719,6.6657,158.2428,12.0706,275.1411,1016.43
2012-06-01,3645.3118,1776.3968,1004.5264,148.2288,3684.0842,13.7393,6.6621,156.2926,11.9737,259.188,1021.58
2012-06-08,3695.8976,1810.1501,1029.7331,155.2059,3836.1825,14.3318,6.6375,161.1811,11.7849,250.899,1015.66
2012-06-15,3760.1116,1834.263,1048.366,158.781,3918.8776,14.5182,6.7867,163.8312,12.0805,247.9362,1005.58
2012-06-22,3712.0977,1817.4688,1054.8466,158.4106,3933.0777,14.1227,6.8575,163.1044,12.1681,224.7904,1012.92
2012-06-29,3768.8134,1862.9245,1075.9716,165.0059,3998.7515,14.9293,7.0912,164.1444,12.3635,259.988,1002.86
2012-07-06,3811.5012,1871.064,1064.4595,159.3204,4013.3439,14.9911,7.1239,165.7476,12.5668,275.1646,1015.9
2012-07-13,3757.1479,1855.1575,1059.4896,159.2254,4034.2218,14.9343,6.909,163.4507,12.072,267.8984,1014.96
2012-07-20,3769.4994,1877.2363,1071.7058,159.4169,4045.8264,14.8044,6.8655,164.6923,12.2679,280.9589,1014.57
2012-07-27,3925.7661,1911.7706,1100.5466,165.7457,4055.2219,14.4831,6.7892,170.7713,12.2079,272.7978,1007.13
2012-08-03,3907.7492,1908.6815,1118.1404,170.3653,4150.2565,14.8079,6.7718,175.5531,12.4086,286.2862,1003.45
2012-08-10,4053.0864,1959.4492,1115.9145,172.0868,4216.4427,15.1896,7.0202,175.8849,12.9075,284.2224,1003.45
2012-08-17,4024.9703,2000.1745,1124.9484,175.0124,4236.3932,15.2223,7.0845,170.2908,12.9105,295.4267,1005.95
2012-08-24,3950.4901,1991.9304,1135.5743,175.373,4217.9989,15.3747,7.0809,170.6068,12.9699,296.94,998.56
2012-08-31,3838.0356,1985.8667,1124.7623,174.8346,4177.8266,15.0066,6.8708,168.6971,12.8843,302.2503,994.89
2012-09-07,3931.3674,2060.2502,1163.9666,183.5031,4286.7963,15.3315,6.939,174.5297,13.0476,314.7803,984.53
2012-09-14,4165.0128,2123.1405,1194.0247,191.663,4437.1813,16.3358,7.1384,175.5407,13.8227,320.3093,970.37
2012-09-21,4080.9201,2083.4683,1193.3428,187.7382,4392.4569,16.8715,7.1347,176.5779,13.839,326.5031,975.67
2012-09-28,3945.7906,2059.8114,1164.4878,177.8612,4282.9195,17.1013,7.0262,174.3868,13.7911,329.6369,980.84
2012-10-05,3974.541,2094.5209,1209.8965,185.461,4384.3569,17.5751,6.9631,165.6208,13.798,323.3514,977.42
2012-10-12,3960.7595,2050.7404,1199.4755,180.4029,4301.9246,16.9833,6.8191,166.5256,13.3209,324.5402,978.94
2012-10-19,3984.2516,2063.0732,1223.6972,187.1979,4360.8972,16.5664,7.0783,169.4513,13.2737,327.4479,980.42
2012-10-26,3941.4961,2034.0657,1188.2531,182.4758,4321.146,16.5732,6.9083,169.9949,12.8418,325.5187,984.09
2012-11-02,3984.771,2056.536,1201.0789,183.9195,4351.118,16.7136,6.9443,171.2636,13.0359,312.4193,988.99
2012-11-09,3872.4254,2013.8475,1192.3531,178.9806,4249.0994,16.4665,6.8324,173.22,13.279,316.3459,992.88
2012-11-16,3734.7416,1960.2433,1158.3868,175.042,4124.8791,16.0834,6.8762,167.4608,12.9166,319.8547,995.59
2012-11-23,3838.9412,2037.6329,1221.079,188.1681,4335.9869,16.1679,7.0208,168.9303,13.3581,308.2082,986.64
2012-11-30,3793.3304,2044.6173,1240.158,190.175,4371.4122,17.2232,7.0653,169.0473,13.87,271.8352,985.94
2012-12-07,3878.9915,2037.3048,1250.0603,191.8341,4410.3779,17.3389,7.1491,175.093,13.985,273.4471,987.07
2012-12-14,3976.4062,2068.0289,1268.1338,197.0331,4454.4049,17.2188,7.1615,177.8223,14.0721,287.7244,980.16
2012-12-21,4069.0576,2073.9223,1266.0036,198.017,4465.9534,16.963,7.39,181.9132,13.6722,301.8304,983.56
2012-12-28,4090.6395,2058.7328,1260.0151,196.6542,4454.8084,17.2183,7.4782,186.833,13.9946,299.1397,986.98
2013-01-04,4226.1087,2116.1269,1285.054,199.8611,4547.7215,17.5381,7.5431,187.7364,14.207,306.3593,991.73
2013-01-11,4166.2701,2134.7179,1328.4788,203.2602,4599.2954,17.41,7.5528,182.3033,14.2451,302.9238,984.89
2013-01-18,4191.6118,2134.6339,1331.2599,204.7449,4547.8405,18.0159,7.5916,177.5238,14.0991,297.0311,990.63
2013-01-25,4189.3175,2120.4146,1353.0875,208.7471,4621.7394,17.9839,7.5458,177.3474,13.8113,296.3169,991.86
2013-02-01,4243.8093,2131.3739,1381.0321,212.0434,4648.6065,18.0393,7.6307,178.0691,14.0049,287.9327,989.23
2013-02-08,4155.7973,2127.318,1355.9266,201.0867,4609.2111,17.6248,7.7436,179.5795,14.1444,291.49,998.23
2013-02-15,4165.4946,2100.5093,1368.4038,201.9956,4590.45,17.3219,7.5785,178.7056,14.1444,290.7737,1001.51
2013-02-22,4070.0807,2073.7823,1368.3355,202.1871,4522.6377,17.2556,7.732,174.3311,14.1982,287.61,1009.67
2013-03-01,4081.0175,2077.8123,1366.3802,199.592,4489.1073,16.6342,7.8757,172.7925,14.2158,280.2171,1018.85
2013-03-08,4267.8948,2087.7315,1383.7929,205.8148,4536.4672,17.5205,7.9953,174.7985,14.2792,272.9728,1024.38
2013-03-15,4145.4467,2104.6757,1423.769,207.1037,4597.6593,17.3926,8.2669,170.7608,14.0999,261.6855,1016.74
2013-03-22,3974.8728,2084.9094,1396.9436,202.4627,4569.3271,16.634,8.2395,166.8888,13.7544,262.7392,1016.56
2013-04-05,4005.1803,2022.7994,1391.8607,197.289,4500.2564,16.324,8.3174,164.7372,14.035,254.3651,1019.18
2013-04-12,4060.8678,2033.6916,1420.3446,202.1306,4607.3357,16.2393,8.8367,169.0339,13.7971,264.1221,1015.79
2013-04-19,3964.8274,1961.8035,1397.9588,197.1994,4504.3629,17.0538,8.6215,163.0532,14.0856,264.8838,1023.38
2013-04-26,3986.1682,2005.951,1426.8374,205.2509,4682.2278,17.0959,8.9838,166.8708,14.3646,263.4463,1018.05
2013-05-03,4086.6585,2062.9505,1454.5418,212.8239,4779.5928,17.6412,8.8878,174.2754,14.6148,265.1831,1014.12
2013-05-10,4100.5653,2084.4231,1464.6608,214.2528,4797.7365,17.6364,9.0138,172.8181,14.8276,270.502,1027.06
2013-05-17,4078.201,2061.2236,1456.5614,215.0547,4820.56,17.8644,9.2446,170.4344,14.7858,271.0218,1042.73
2013-05-24,4078.7443,2057.9737,1453.7621,214.864,4753.5519,17.1619,8.9874,164.2879,14.4912,265.8397,1038.2
2013-05-31,3835.9226,2055.4712,1420.7426,215.5677,4720.124,16.9222,8.544,159.8039,14.5178,271.9321,1037.73
2013-06-07,3697.5257,2034.4151,1427.594,215.8221,4710.7997,16.4802,8.2551,154.707,14.305,254.5117,1020.69
2013-06-14,3529.3071,2017.6602,1420.107,213.8894,4691.1987,16.1055,8.5262,153.3091,13.9708,237.7398,1009.45
2013-06-21,3231.3638,1940.1992,1366.0616,202.9953,4475.0217,15.3435,8.5393,145.7979,13.5319,235.3072,1034.79
2013-06-28,3355.6879,1950.3107,1393.0863,205.3268,4476.1325,15.7845,8.6855,157.1417,14.2023,236.7971,1040.55
2013-07-05,3143.1698,1940.3294,1389.2376,203.9086,4510.0307,15.5675,8.9488,149.9036,14.0752,265.7959,1054.48
2013-07-12,3208.3058,2033.7145,1450.643,213.4124,4696.1924,16.2562,9.204,159.2043,14.6091,261.9251,1037.71
2013-07-19,3318.45,2080.7538,1447.9622,217.9818,4803.0391,16.4852,9.2072,158.2199,14.1671,266.5334,1032.85
2013-07-26,3391.5111,2089.6211,1443.1739,222.6938,4784.4483,16.1581,9.0427,159.3612,14.4495,267.7264,1022.93
2013-08-02,3336.872,2062.3286,1473.5336,226.8451,4823.1908,15.1791,9.1899,163.296,14.3245,268.7013,1028.82
2013-08-09,3409.5888,2069.4807,1487.279,229.5284,4861.0458,15.0785,8.982,163.3729,13.8753,270.5839,1017.01
2013-08-16,3338.56,2090.3971,1475.6453,231.475,4847.7445,14.5437,8.8792,164.0768,14.0569,265.3127,1022.14
2013-08-23,3304.9397,2062.4981,1493.1441,229.8596,4833.2617,14.0249,8.7585,161.0074,13.9779,255.6955,1026.18
2013-08-30,3235.9759,2044.6031,1429.6879,219.2202,4746.7826,13.6327,8.5413,158.6527,14.3126,249.1034,1034.4
2013-09-06,3448.6898,2098.1264,1455.2742,224.8546,4897.1361,14.2394,8.7986,165.5085,14.6258,246.8658,1031.48
2013-09-13,3566.6308,2095.7887,1484.1732,230.6317,5001.6602,15.0869,9.038,172.1553,14.7009,262.4839,1024.08
2013-09-20,3713.0493,2118.0861,1530.828,239.7929,5055.017,15.5274,9.2859,175.1785,14.805,263.0795,1013.41
2013-09-27,3664.9053,2126.2384,1528.6175,239.0556,5025.9322,15.1615,9.4445,172.3995,14.8775,270.5802,1012.75
2013-10-04,3710.0648,2113.6876,1506.4975,238.2531,4951.3164,15.73,9.1197,174.7025,15.2003,272.5715,1009.98
2013-10-11,3784.4082,2125.6067,1497.938,241.104,4950.4575,16.287,9.2628,176.0394,15.2157,278.5041,1012.38
2013-10-18,3890.962,2182.0273,1543.8157,247.3375,5127.0658,16.4814,9.3921,183.3468,15.3589,278.5041,1002.73
2013-10-25,3836.5553,2193.4321,1586.8743,248.6124,5207.0568,16.2425,9.1989,181.5861,15.1379,289.9525,1000.67
2013-11-01,3785.9197,2188.122,1550.4044,243.5332,5139.2466,16.4118,9.1314,176.0722,15.2334,292.7255,1015.69
2013-11-08,3572.2427,2189.0586,1538.007,240.7166,5148.4271,15.7542,9.0511,171.176,14.8954,304.8059,1021.66
2013-11-15,3680.5727,2213.8983,1564.4424,244.784,5174.0389,15.6387,9.4297,174.1442,14.7415,297.6612,1016.88
2013-11-22,3677.4615,2198.4451,1563.3994,244.9518,5198.4338,15.602,9.415,172.4995,14.5734,306.1439,1018.56
2013-11-29,3603.843,2166.004,1568.8573,246.8959,5230.2667,16.0705,9.3988,172.9487,15.1414,291.9817,1020.78
2013-12-06,3450.8554,2142.8365,1554.5669,240.172,5150.0935,16.4707,9.1828,170.183,15.0345,302.0662,1016.87
2013-12-13,3382.0603,2125.8486,1515.2577,237.0445,5048.4525,16.0628,9.1701,165.5382,15.0123,315.705,1016.79
2013-12-20,3367.136,2165.0021,1555.5539,243.9796,5197.8575,16.4826,9.288,171.8192,14.9488,318.8444,1021.34
2013-12-27,3428.5909,2192.876,1594.3047,250.3037,5355.2491,16.5434,9.4013,171.7946,15.1114,320.7612,1021.85
2014-01-03,3346.3438,2202.123,1576.7834,246.014,5317.9826,16.3024,9.4863,172.3305,15.0806,318.7721,1024.86
2014-01-10,3279.3269,2178.2351,1597.0244,247.2018,5336.6904,16.4398,9.5286,169.0733,15.0045,323.8102,1022.4
2014-01-17,3249.5525,2185.5931,1602.1109,249.1606,5391.8278,16.6001,9.4818,168.877,15.1807,329.0629,1031.01
2014-01-24,3094.0786,2140.2971,1580.0953,242.6936,5295.305,16.3152,9.4252,163.7066,15.166,331.0017,1026.51
2014-01-31,3075.6019,2128.0386,1560.5659,239.5959,5155.9862,15.9517,9.0963,158.3866,14.8348,337.3309,1031.57
2014-02-07,3147.5515,2156.8047,1596.2353,245.1615,5182.1325,15.9678,8.8747,159.7112,14.6343,332.2888,1023.83
2014-02-14,3167.2125,2210.6196,1625.9873,252.8999,5373.6633,15.9467,8.8692,166.2149,14.9695,340.3795,1017.47
2014-02-21,3169.4678,2205.6828,1637.279,256.3384,5493.7217,16.1498,9.0911,167.5138,15.0516,353.0637,1020.97
2014-02-28,3187.0044,2219.3463,1670.4927,259.4262,5499.943,16.5266,9.0688,172.697,15.1095,356.1059,1016.74
2014-03-07,3136.0028,2225.8566,1666.3914,258.6342,5425.7953,17.1233,9.1423,177.5614,15.3704,350.9902,1016.32
2014-03-14,3023.3395,2215.3457,1623.8801,250.5221,5258.612,16.9337,8.7539,174.5551,15.2725,356.483,1013
2014-03-21,3236.5195,2214.7294,1640.0163,255.7111,5243.2988,17.0246,8.523,171.1413,14.9153,376.1266,1019.26
2014-03-28,3485.8157,2233.0836,1650.5296,259.4974,5341.3538,17.766,8.8606,183.4275,15.412,366.7466,1016.26
2014-04-04,3608.5791,2266.4885,1666.4577,262.8158,5382.6329,17.8805,9.0501,183.1786,15.6633,349.8944,1016.65
2014-04-11,3739.2962,2250.1413,1658.7357,259.5215,5337.2318,17.9956,8.5809,184.3319,15.8984,355.1954,1006.46
2014-04-18,3690.9627,2278.9371,1669.3308,261.7514,5409.3833,17.9672,8.8082,184.9753,15.9816,361.832,1010.9
2014-04-25,3668.9661,2278.1201,1672.7877,263.3632,5467.8109,17.8511,8.7951,183.63,15.643,373.625,1011.02
2014-05-02,3776.247,2329.3838,1692.2587,265.7139,5604.5589,17.8276,8.8742,187.044,15.8709,375.0786,1007.72
2014-05-09,3781.6125,2311.7462,1689.7275,264.9361,5598.5182,18.1306,8.7998,188.8064,15.9323,369.2518,1007.81
2014-05-16,3860.9148,2313.942,1711.0895,264.1901,5644.4525,19.4078,8.794,191.2199,16.0273,376.5237,1008.12
2014-05-23,3751.7604,2347.8487,1706.7729,265.9036,5609.8466,19.9916,8.9099,195.8586,16.2464,384.572,1011.47
2014-05-30,3612.0911,2336.4563,1706.7075,268.8392,5618.2503,19.3524,9.0847,187.1735,16.314,360.3771,1010.78
2014-06-06,3747.1684,2354.139,1706.7274,273.2512,5638.5149,20.4028,9.261,190.2307,16.4683,370.2952,1012.8
2014-06-13,3873.0801,2398.1887,1692.1302,268.6489,5635.3155,20.0857,9.3732,191.8817,16.5659,380.7747,1012.73
2014-06-20,3858.9729,2439.9666,1708.3492,269.5103,5690.8839,19.8581,9.5555,193.032,16.7242,361.4105,1009.83
2014-06-27,3817.1029,2465.4646,1690.9421,264.8421,5638.1869,19.9231,9.5011,191.6843,16.9352,347.5957,1005.04
2014-07-04,3850.3725,2489.1077,1708.2046,266.0409,5780.8642,20.6818,9.6646,192.6137,17.5624,353.3784,1007.41
2014-07-11,3885.6551,2462.577,1671.068,257.1864,5619.817,19.8553,9.5035,192.5349,17.6271,365.6028,1006.89
2014-07-18,4013.3034,2489.7107,1670.664,256.7595,5659.8156,20.1405,9.563,194.5669,17.3755,373.9275,1009.53
2014-07-25,4085.344,2508.0696,1671.0697,254.6936,5660.7031,20.6701,9.646,197.8768,17.4689,385.2975,1014.12
2014-08-01,3902.3982,2447.4304,1631.1994,246.9993,5524.5085,19.9352,9.5998,193.4504,17.0796,391.7014,1020.69
2014-08-08,3803.6491,2427.3622,1612.2625,243.0567,5428.4045,19.883,9.2393,194.4426,16.926,401.7271,1021.37
2014-08-15,3948.2228,2464.628,1634.1207,244.3529,5514.8003,20.6055,9.5128,197.3026,17.3198,415.7633,1019.42
2014-08-22,4026.9315,2491.1533,1650.6745,246.2163,5556.6163,20.959,9.4744,197.3304,17.7224,421.0333,1028.81
2014-08-29,4305.8559,2527.658,1663.2759,251.2861,5597.0051,20.9769,9.3981,197.8168,17.8492,425.3995,1029.48
2014-09-05,4243.3991,2519.2901,1660.074,253.5647,5532.7585,21.4378,9.4268,201.3949,17.8397,436.7374,1038.18
2014-09-12,3844.2351,2478.0301,1658.1449,251.647,5478.4762,21.2011,9.4069,191.9287,17.3792,434.0347,1050.57
2014-09-19,3838.0203,2461.3801,1652.9448,249.4733,5514.8151,21.2242,9.3934,192.1091,17.317,443.545,1055.85
2014-09-26,3704.0523,2382.4615,1621.438,242.9996,5344.0732,20.6433,9.4267,181.7115,16.7247,444.3782,1067.29
2014-10-03,3430.1766,2328.5498,1576.0463,233.8366,5157.2155,20.6666,9.0372,178.4561,16.8756,441.9739,1078.65
2014-10-10,3606.1238,2252.5794,1537.0576,224.8452,5045.854,20.5243,8.9357,177.5593,16.7475,430.698,1069.59
2014-10-17,3582.9225,2238.1009,1533.3314,225.4905,5030.1243,20.0705,8.5496,179.6478,16.0401,397.2856,1063.64
2014-10-24,3332.7133,2294.7079,1573.0682,228.9797,5087.6156,20.6605,8.9046,184.0667,16.3759,404.5419,1068.16
2014-10-31,3496.7846,2301.6103,1611.6017,232.295,5185.2321,21.467,9.232,192.3357,16.9824,418.9451,1080.84
2014-11-07,3273.3477,2296.8395,1598.9582,228.4935,5162.922,21.4897,9.2539,186.2682,16.8,435.8051,1091.46
2014-11-14,3119.1992,2334.5782,1629.4695,230.9015,5175.8311,21.5343,9.3831,195.5411,16.9057,425.7899,1092.66
2014-11-21,3488.2831,2388.196,1641.9184,236.2013,5248.5352,21.6969,9.2698,199.4448,17.0578,424.1311,1100.05
2014-11-28,3332.8702,2296.177,1660.4454,239.7855,5214.8773,21.7398,9.2597,192.242,17.2218,424.0968,1106.9
2014-12-05,3140.8108,2257.6303,1653.1771,239.1031,5217.4737,21.5841,9.2751,185.1222,16.977,431.0176,1122.34
2014-12-12,2826.7005,2118.3105,1616.8642,225.9617,4918.3109,20.443,9.2032,174.0053,16.5387,415.8597,1115.76
2014-12-19,2946.564,2221.6349,1603.2366,229.6422,5079.6315,20.2131,9.1807,182.7826,16.4117,382.632,1125.58
2014-12-26,2943.1093,2247.1723,1603.998,231.6716,5106.817,20.0437,9.2378,181.352,16.6468,396.4599,1130.61
2015-01-02,2843.6164,2248.4786,1586.9015,226.2136,4997.2791,20.7191,9.1648,182.4681,16.8686,411.6114,1141.02
2015-01-09,2917.0285,2166.2919,1573.078,219.4617,4895.4463,20.8557,9.058,187.0385,16.4773,412.7633,1141.13
2015-01-16,2948.4462,2131.3821,1614.3088,224.0612,4935.4393,21.644,9.0271,183.0554,16.6197,436.627,1139.27
2015-01-23,2987.6777,2134.6979,1630.4023,231.2483,5099.0224,22.5019,9.2697,193.1467,17.4589,447.4631,1161.31
2015-01-30,2773.8333,2065.3904,1598.693,230.4728,5035.5953,22.0924,9.3485,193.531,16.9275,436.6551,1167.89
2015-02-06,2792.3128,2163.4243,1629.1945,235.7388,5190.6982,21.9961,9.2427,199.1077,17.1912,439.8539,1166.02
2015-02-13,2846.6835,2201.429,1631.2257,240.702,5268.084,22.3045,9.4923,197.9197,17.5586,429.0824,1162.64
2015-02-20,2822.4346,2177.5893,1660.8726,243.7329,5311.1597,22.4031,9.815,196.9778,17.5586,418.6981,1166.69
2015-02-27,2853.0717,2192.5042,1662.6094,245.0025,5347.0369,22.6012,9.8954,194.6829,17.6556,415.1301,1172.37
2015-03-06,2591.253,2138.149,1642.4579,238.8881,5201.3714,22.6621,9.9148,189.1412,17.5826,425.4717,1198.93
2015-03-13,2361.5468,2083.4299,1620.3491,232.9554,4965.9705,21.787,10.0001,179.4146,17.365,432.2945,1222.12
2015-03-20,2548.6556,2151.3992,1710.1618,244.2291,5266.9106,21.9647,10.2508,189.8575,17.9355,425.2753,1195.01
2015-03-27,2442.5326,2124.1587,1678.8334,243.136,5111.9279,21.2002,10.2399,189.2113,17.3806,411.415,1190.89
2015-04-03,2663.9342,2160.0253,1689.764,244.5972,5086.2928,21.8891,10.2965,195.8617,17.7271,408.5607,1182.67
2015-04-10,2774.5683,2212.3476,1716.1011,246.04,5212.7797,22.5611,10.3559,200.5658,17.6651,410.558,1204.23
2015-04-17,2786.3715,2268.9513,1721.565,245.5229,5250.5962,22.063,10.4679,198.8957,17.6,414.9656,1185.36
2015-04-24,3000.6043,2293.9165,1737.3316,250.7075,5390.0901,20.6673,10.6794,202.0479,18.6389,407.7727,1180.61
2015-05-01,2942.4334,2280.5439,1729.3406,252.2923,5314.9734,20.1749,10.3502,202.7163,18.3343,408.0725,1172.27
2015-05-08,3018.5802,2268.6172,1747.752,254.8087,5479.6692,20.3634,10.3994,196.6978,18.1013,404.294,1164.21
2015-05-15,3038.1073,2268.1463,1774.5106,256.8348,5531.501,20.7063,10.5408,199.5119,18.1543,391.7403,1150.19
2015-05-22,2802.7538,2234.0506,1771.4656,255.4972,5494.2614,21.2088,10.6174,197.413,18.3028,418.6468,1179.86
2015-05-29,2611.0851,2176.6058,1750.6869,248.352,5382.7751,20.8371,10.5704,185.3962,18.2279,405.03,1191.94
2015-06-05,2649.4646,2166.9247,1729.1623,247.5529,5250.3282,20.0816,10.3882,177.1611,17.3876,401.2773,1192.75
2015-06-12,2707.1946,2166.5129,1739.6807,250.4315,5338.8615,19.6887,10.4612,181.7479,17.5095,404.5933,1175.58
2015-06-19,2760.4643,2157.9031,1720.2946,247.6782,5384.8346,20.6031,10.3761,185.598,17.4729,402.0064,1166.76
2015-06-26,2735.0888,2174.8953,1719.0207,255.6158,5373.6035,20.9,10.5109,189.9062,17.8083,397.8796,1180.11
2015-07-03,2667.74,2116.9165,1687.0337,241.3321,5190.1621,21.1949,10.4886,187.8432,17.8447,386.3297,1187.07
2015-07-10,2619.2809,2057.6105,1729.5641,247.1652,5220.3167,20.8369,10.0612,182.3839,16.9257,348.2538,1188.88
2015-07-17,2607.4137,2051.5241,1753.3275,251.7912,5347.4469,21.5302,10.4653,188.169,17.2872,368.3781,1208
2015-07-24,2365.3166,1978.0267,1726.928,251.3794,5151.066,21.1762,10.428,178.6996,16.6146,373.6692,1209.47
2015-07-31,2378.7897,2029.9557,1742.1688,252.9088,5283.4374,21.257,10.4341,178.661,16.4817,378.2927,1208.44
2015-08-07,2211.4702,1992.4675,1710.7666,255.0295,5255.6036,21.4419,10.5208,178.8437,15.9631,371.4548,1212.07
2015-08-14,2181.6468,2000.8197,1709.2055,250.0682,5206.705,20.9345,10.4073,171.904,15.3795,360.8063,1208.48
2015-08-21,2084.146,1867.3489,1660.4691,238.6222,4942.7825,20.1483,10.0292,163.8654,14.2349,321.0994,1199.84
2015-08-28,2105.6901,1920.3226,1632.487,236.8294,4887.86,19.4922,9.9226,165.259,14.952,326.0155,1207.63
2015-09-04,1943.9218,1856.4735,1591.1751,228.4615,4666.9112,18.6026,9.4308,154.864,14.7149,331.8427,1213.91
2015-09-11,1888.4238,1858.916,1611.7764,233.7919,4796.9074,18.8899,9.5168,156.3076,15.363,324.3478,1204.35
2015-09-18,1923.0885,1896.3805,1628.7481,233.696,4834.0712,19.3949,9.469,165.1736,15.7207,336.5387,1201.76
2015-09-25,1803.8596,1831.402,1557.3162,227.9328,4707.9645,18.9843,9.3382,155.38,14.6439,342.6974,1214.12
2015-10-02,1880.4079,1845.5331,1573.4633,228.0417,4740.6944,19.4839,9.4153,159.5399,15.1288,340.839,1208.88
2015-10-09,2102.7163,1976.0893,1625.2057,242.9181,5015.8032,20.2779,9.8573,172.8913,15.5798,350.4969,1192.45
2015-10-16,1956.4114,1960.1355,1645.7552,243.1929,5017.9552,20.2069,9.8631,174.8231,15.9698,349.9351,1189.63
2015-10-23,1951.3822,1938.8679,1636.7617,246.2564,5037.7277,20.3321,9.9849,171.472,15.9273,338.2262,1212.25
2015-10-30,1893.8464,1894.1833,1628.476,244.8608,5006.4245,19.7211,10.1063,166.1872,15.6634,331.5216,1209.83
2015-11-06,1941.4879,1865.1923,1605.5176,242.6189,4868.7539,19.2297,9.9403,161.4996,15.8456,332.347,1232.53
2015-11-13,1931.5748,1794.319,1562.3972,234.2199,4748.0142,18.6612,10.0944,152.0394,15.1089,303.2565,1229.63
2015-11-20,2053.3615,1849.0985,1591.9978,238.0522,4919.4016,18.8569,10.2067,163.4504,15.5065,286.3759,1231.27
2015-11-27,1944.5946,1833.1077,1575.4766,237.842,4903.2996,18.8035,10.1449,155.7402,15.2607,281.1768,1237.35
2015-12-04,1933.9239,1832.6592,1588.8119,234.3864,4812.9105,18.506,9.9678,146.1464,15.2145,305.1468,1223.73
2015-12-11,1858.1081,1712.312,1562.0885,228.6348,4628.5529,18.0606,10.0154,124.6735,14.6272,298.6588,1225.87
2015-12-18,1792.2149,1723.8254,1564.7278,228.9906,4605.5719,18.7609,9.8766,138.3771,14.884,297.5053,1234.39
2015-12-25,1779.3425,1771.3807,1584.0674,233.4262,4772.2125,19.0519,9.8377,143.8216,15.1389,304.5818,1227.17
2016-01-01,1743.1419,1734.3464,1595.1167,230.5906,4698.6454,19.258,10.0133,138.9802,14.9913,315.108,1232.86
2016-01-08,1603.9816,1621.7294,1497.0657,216.5173,4385.059,18.2627,9.5743,124.795,13.8778,313.439,1240.22
2016-01-15,1524.1709,1533.0527,1467.8549,211.7431,4238.5122,17.6457,9.3583,115.7565,13.6434,260.0655,1249.4
2016-01-22,1481.2581,1616.4464,1472.8662,215.3271,4313.7057,17.575,9.0516,120.751,13.6049,250.059,1253.1
2016-01-29,1615.7081,1689.021,1476.8658,220.5063,4428.7292,17.9336,9.2225,133.6739,14.2756,261.0368,1252.04
2016-02-05,1657.3744,1694.7656,1458.0345,216.3605,4336.6532,17.7973,9.1256,132.7998,14.3245,277.0502,1228.69
2016-02-12,1603.3649,1649.2464,1424.7732,207.4555,4238.9985,16.5814,8.2296,130.4504,14.3245,258.6821,1219.36
2016-02-19,1639.9427,1712.8019,1447.5638,216.8981,4393.1396,17.0183,8.9655,135.9357,14.803,266.0891,1219.31
2016-02-26,1669.2841,1743.9494,1449.6796,217.0045,4358.1275,16.635,8.9776,130.3387,14.8839,270.4488,1231.01
2016-03-04,2092.7387,1824.5661,1485.1121,225.4796,4555.031,18.0491,9.4258,146.634,15.682,274.0871,1214.05
2016-03-11,2176.9708,1889.7076,1506.2615,230.5284,4568.4622,18.1384,9.3175,145.679,15.7789,304.644,1201.97
2016-03-18,2233.3974,1912.4535,1495.0148,231.9089,4639.5488,18.4435,9.3653,154.3312,16.1908,296.4794,1186.2
2016-03-25,2130.7136,1862.5775,1475.0418,224.1652,4476.5428,18.6078,9.3912,148.1793,15.8391,302.9835,1201.29
2016-04-01,2245.8645,1900.6685,1488.5585,227.7198,4518.9103,18.6791,9.1243,156.8387,15.9031,296.5741,1181.72
2016-04-08,2203.7146,1900.2988,1521.1324,226.6671,4533.3536,18.1939,9.3068,153.0788,15.584,304.0683,1179.2
2016-04-15,2391.2549,1959.5831,1546.9661,233.9334,4678.648,18.9282,9.8301,161.8603,15.9515,302.8522,1178.78
2016-04-22,2333.7491,2017.6513,1543.8539,236.5498,4717.3453,18.9626,9.92,161.7045,15.6271,326.6594,1183.36
2016-04-29,2474.618,2050.2217,1551.0395,235.2656,4742.5989,18.8393,9.7126,164.2572,15.2979,336.2858,1159.42
2016-05-06,2317.486,1949.1403,1498.1468,230.4672,4605.2201,18.647,9.54,150.5893,14.7494,323.1755,1176.44
2016-05-13,2335.7688,1954.2987,1521.6174,229.5976,4586.9057,18.6746,9.4826,146.4841,14.509,324.3806,1186.6
2016-05-20,2223.8028,1953.2505,1511.954,229.9238,4660.1045,18.3736,9.506,145.3777,14.6848,323.7735,1196.62
2016-05-27,2155.1687,2003.7436,1562.5473,236.6637,4785.6593,19.3479,9.6004,150.9533,15.4521,320.5551,1200.61
2016-06-03,2258.0467,2025.9326,1557.3137,236.9002,4703.0901,19.5041,9.7863,159.4505,15.9232,321.5034,1180.91
2016-06-10,2278.808,2026.4655,1540.1631,229.9369,4584.8225,19.3264,9.6973,156.1174,16.2887,329.3243,1183.58
2016-06-17,2288.6415,1989.3727,1503.076,223.85,4509.1241,19.2813,9.395,151.7633,15.8968,315.0019,1178.52
2016-06-24,2362.3528,1973.1794,1492.6502,217.8842,4423.2606,18.9387,9.2208,153.8351,15.7032,314.313,1187.07
2016-07-01,2559.9514,1995.5116,1550.3601,225.3937,4579.52,19.6556,9.5652,161.8406,16.5203,299.2575,1182.71
2016-07-08,2557.4215,2008.6914,1526.1515,219.5848,4477.7412,19.7381,9.4129,159.3942,16.2937,307.1057,1186.33
2016-07-15,2694.5609,2058.5656,1548.4592,228.4278,4606.6436,20.1715,9.8103,168.3086,17.2491,329.2644,1191.61
2016-07-22,2753.0364,2048.15,1548.2493,227.3454,4624.6001,20.224,9.8059,170.5907,17.3981,324.2947,1201.11
2016-07-29,2808.9464,2058.1494,1566.3107,234.7509,4666.6172,20.6393,10.126,174.9263,17.5153,361.7681,1180.81
2016-08-05,2864.5264,2049.8143,1563.178,231.9362,4667.7345,20.7259,9.8926,175.2782,17.9983,372.0156,1185.89
2016-08-12,2929.6771,2103.8801,1593.5185,237.9381,4718.5563,20.7585,10.2884,181.6033,18.173,380.3017,1177.35
2016-08-19,2902.5718,2108.8635,1583.8041,236.0516,4734.7137,20.6088,10.2045,181.2919,17.8068,378.0973,1166.86
2016-08-26,2849.5221,2095.274,1570.9739,236.2311,4753.7046,20.4202,10.0161,172.3978,17.9774,366.0559,1180.32
2016-09-02,2906.4436,2115.8641,1583.8182,240.1068,4849.9394,21.0003,10.1902,167.5075,17.7833,366.4702,1184.44
2016-09-09,2820.4848,2075.2044,1582.6731,238.7896,4752.4016,21.0186,10.3094,167.4695,18.1355,372.9832,1181.22
2016-09-16,2739.6258,2039.4014,1554.3119,229.9468,4636.3045,20.7409,10.0839,166.1726,17.5489,361.8421,1192.86
2016-09-23,2880.7079,2081.4707,1596.9802,239.0319,4736.8573,20.9947,10.489,174.0514,18.661,363.076,1185.89
2016-09-30,2844.099,2098.773,1570.8751,236.963,4732.3575,20.6145,10.3102,171.6918,18.3863,363.2639,1182.79
2016-10-07,2996.7357,2059.413,1554.4109,235.2943,4647.154,20.8708,10.3634,168.1619,18.5284,393.3492,1194.42
2016-10-14,3056.6264,2080.307,1533.4303,233.7037,4530.5102,20.5344,10.2321,160.6197,18.2653,408.8288,1205.22
2016-10-21,3203.3127,2101.8665,1515.7433,234.2267,4548.0455,20.7104,10.3701,165.8397,18.4667,399.8969,1206.65
2016-10-28,3203.7826,2081.2152,1496.5785,236.9854,4504.1938,20.5335,10.4247,165.2908,18.6253,395.6591,1208.35
2016-11-04,3008.9231,2037.7089,1474.9018,232.0674,4431.2302,19.9554,10.2812,163.675,18.2469,271.9824,1195.25
2016-11-11,2677.7747,2042.7761,1498.9887,231.9208,4502.3884,19.1065,10.2386,152.8374,17.7506,278.2929,1228.32
2016-11-18,2786.447,2087.5776,1467.5148,227.262,4440.5334,18.5106,10.2027,155.3105,17.7346,291.2113,1251.57
2016-11-25,2832.3705,2117.2495,1460.6878,229.577,4533.9488,18.6812,10.2507,156.7524,18.0737,263.4915,1254.76
2016-12-02,2735.8468,2147.6342,1449.0646,230.4797,4549.6487,18.7901,10.3049,154.7385,18.0164,263.8838,1247.36
2016-12-09,2820.4167,2206.3483,1490.2751,238.8887,4657.2904,19.3429,10.502,162.2887,18.545,252.8648,1253.59
2016-12-16,2690.1603,2177.1888,1499.2767,239.7711,4664.4929,18.9865,10.4496,155.9231,18.2633,248.0355,1268.87
2016-12-23,2784.8327,2156.9595,1499.6961,240.8522,4617.0471,18.4733,10.409,155.3089,17.6265,266.2756,1273.42
2016-12-30,2906.4755,2160.2633,1513.02,244.3918,4693.3336,18.9528,10.3129,163.9692,17.8662,279.0031,1267.38
2017-01-06,3017.9453,2225.2041,1549.9032,246.5873,4723.7477,19.0864,10.5221,166.8459,18.3212,286.1319,1266.94
2017-01-13,3108.8951,2247.9058,1569.0132,249.7103,4765.5191,19.4104,10.659,172.3722,18.592,280.3525,1256.39
2017-01-20,3168.8974,2218.1862,1545.6024,247.6864,4727.1654,19.2979,10.5717,168.5042,18.4622,275.5798,1253.45
2017-01-27,3282.2204,2259.6636,1570.3266,247.473,4798.5128,19.9489,10.6617,169.9665,18.8675,280.6282,1246.38
2017-02-03,3268.862,2265.6124,1577.9527,249.0701,4789.1577,20.4069,10.6474,172.4826,19.1145,278.1963,1231.15
2017-02-10,3323.6736,2286.8268,1578.3656,245.5633,4835.3484,20.6756,10.7871,172.2305,19.4776,305.0081,1239.13
2017-02-17,3418.1883,2301.1193,1589.1071,246.8666,4860.5502,20.6389,10.7973,174.8353,19.6661,326.2391,1240.84
2017-02-24,3373.32,2256.6932,1586.6497,244.7629,4850.1751,21.0829,10.9015,176.9009,19.7697,310.7599,1236.39
2017-03-03,3331.7533,2222.0531,1615.8804,251.5205,4853.4339,20.9898,10.7383,174.0907,19.2719,307.2099,1242.22
2017-03-10,3209.6475,2200.0162,1618.4319,254.2346,4800.6789,21.0801,10.7967,172.9865,19.2685,293.4573,1243.81
2017-03-17,3237.1595,2218.5043,1655.1178,257.8748,4954.1755,22.0153,10.9468,184.4902,20.1831,290.2578,1227.49
2017-03-24,3215.4556,2203.3769,1651.274,259.5893,4938.0851,21.8908,10.9589,187.7892,20.3022,287.4749,1219.71
2017-03-31,3209.7054,2230.3775,1648.3896,262.3814,4950.3665,22.2567,10.8101,172.2489,20.0632,281.6166,1223.05
2017-04-07,3239.992,2230.6797,1634.3512,260.9585,4914.1307,22.5698,10.6743,169.5127,20.0684,292.5089,1230.31
2017-04-21,3178.0587,2206.3273,1649.6542,260.1628,4922.6848,22.1386,10.861,179.9906,20.0128,285.614,1218.65
2017-04-28,3209.8448,2181.9866,1710.956,276.9373,5042.6579,22.6808,10.9164,181.7738,20.4552,279.4277,1216.6
2017-05-05,3251.4521,2178.3639,1763.7254,288.5214,5109.5674,22.5484,10.9821,179.4199,20.5961,282.6349,1215.66
2017-05-12,3427.2884,2166.4257,1757.1099,285.4589,5181.0589,22.9771,11.0569,184.4085,20.9081,289.2707,1220.15
2017-05-19,2998.8779,2182.1174,1785.5704,289.9366,5283.9542,22.7108,11.0928,187.1903,20.8988,283.1426,1200.25
2017-05-26,3105.7612,2190.4291,1788.7358,290.7827,5242.7606,22.9632,11.1701,194.4335,21.1086,289.6517,1201.73
2017-06-02,3041.1579,2192.0693,1807.8058,295.6183,5281.1171,23.2865,11.5669,189.6064,21.2662,304.7539,1196.41
2017-06-09,2991.352,2206.2545,1762.0126,291.7857,5213.0088,23.3203,11.4023,185.3999,21.3616,305.4945,1196.33
2017-06-16,2960.8638,2200.5012,1778.3376,290.1235,5189.8693,23.0985,11.3891,179,21.1417,296.0005,1192.6
2017-06-23,2896.3447,2211.732,1796.7094,290.8167,5133.9382,22.989,11.4484,182.4608,21.7549,294.2157,1195.4
2017-06-30,2997.6391,2242.3478,1790.6414,288.1502,5175.4473,22.8852,11.3568,179.0941,21.9087,293.3427,1183.8
2017-07-07,2985.6116,2248.8729,1776.581,289.148,5155.3718,23.2907,11.159,174.2224,21.6534,297.6335,1188.36
2017-07-14,3234.9391,2310.1101,1805.6143,295.6711,5255.3988,24.0289,11.42,186.9839,22.4175,313.1761,1172.54
2017-07-21,3267.7133,2331.6656,1821.5773,294.6223,5273.5275,24.2102,11.5916,191.7974,22.3664,313.4557,1161.47
2017-07-28,3288.2085,2341.3526,1793.8016,296.9815,5272.7587,24.5476,11.5614,192.8189,22.4747,307.6,1156.85
2017-08-04,3374.2066,2326.8111,1820.0691,301.5101,5342.4326,24.8445,11.628,188.0557,22.7614,302.6111,1160.71
2017-08-11,3346.5271,2283.9976,1780.2471,295.3691,5220.1228,23.7533,11.6767,186.5803,22.3688,302.9912,1156.66
2017-08-18,3417.5955,2291.9086,1773.1865,297.0105,5174.172,24.1082,11.527,192.749,22.3465,293.0439,1157.99
2017-08-25,3558.0577,2327.4052,1797.7932,299.8234,5237.7037,24.185,11.5293,199.3099,22.9104,293.3793,1149.92
2017-09-01,3609.7034,2362.7682,1789.2511,300.4809,5295.4172,24.6486,11.5667,198.836,23.0542,308.6995,1152.77
2017-09-08,3711.0486,2377.5167,1818.8577,304.7836,5348.3027,24.5156,11.6554,195.382,23.0499,302.8173,1135.93
2017-09-15,3805.0989,2399.9346,1817.2869,307.9364,5379.84,24.8217,11.6742,191.1872,22.9256,301.072,1142.27
2017-09-22,3785.7115,2421.7172,1820.1141,311.8125,5434.1684,24.1791,11.7426,191.6956,22.5443,300.4127,1148.42
2017-09-29,3687.2384,2429.1732,1825.5795,311.7103,5426.118,23.5437,11.819,185.0607,22.1383,299.5382,1160.43
2017-10-06,3774.1898,2431.0335,1827.7964,311.2212,5399.9328,24.0649,11.9159,189.0197,22.5689,290.696,1170.46
2017-10-13,3823.8293,2451.8313,1848.4232,313.6996,5515.1962,24.7981,12.1475,199.6093,23.3215,288.8416,1163.55
2017-10-20,3755.0873,2444.463,1816.7153,313.8399,5455.74,24.6441,12.1756,194.3777,23.2796,283.0605,1172.23
2017-10-27,3644.9904,2413.5959,1782.1782,314.7123,5408.594,25.1054,12.383,188.8225,23.339,286.4958,1183.4
2017-11-03,3510.6833,2443.2999,1803.6101,316.2865,5428.5428,25.6716,12.5341,190.5789,23.4799,294.3061,1183.41
2017-11-10,3477.5109,2464.6433,1778.412,310.4504,5395.8039,24.9984,12.6473,189.8611,23.3509,298.0654,1178.29
2017-11-17,3523.6991,2442.348,1800.2676,310.8965,5369.0398,25.0463,12.5563,201.5751,23.3964,283.1524,1169.84
2017-11-24,3608.6645,2472.6972,1841.8736,318.3573,5448.9401,25.4653,12.7045,202.5187,23.7371,283.0695,1159.33
2017-12-01,3479.6839,2466.0406,1840.3528,314.029,5443.5889,24.7788,12.7679,202.79,22.9408,289.8589,1160.16
2017-12-08,3452.1739,2449.939,1816.1066,315.2608,5465.8516,25.251,12.635,197.1746,22.4192,278.927,1173.3
2017-12-15,3431.9379,2447.1992,1830.9144,312.2699,5507.4331,25.5711,12.6437,200.3464,22.6255,282.3979,1172.1
2017-12-22,3547.0367,2484.1986,1833.5942,315.9185,5609.5505,26.065,12.8396,215.8195,22.7159,281.1453,1170.48
2017-12-29,3618.3287,2533.3788,1863.0519,317.5531,5744.5855,26.3295,12.8373,225.1965,23.1317,293.2266,1159.44
2018-01-05,3839.778,2589.3723,1892.378,327.2576,5788.3997,26.7059,13.2457,226.3757,23.8075,286.7492,1152.76
2018-01-12,3878.0316,2564.3782,1896.4668,331.7683,5888.3753,26.9163,13.4528,222.3961,23.7003,297.6606,1141.92
2018-01-19,3990.1573,2576.0334,1910.1031,335.9021,5922.7771,27.119,13.6605,231.7125,24.8246,293.609,1136.03
2018-01-26,4285.0177,2587.9558,1963.1069,341.2358,6016.4073,27.5747,13.8281,243.3806,24.9203,290.0184,1118.63
2018-02-02,4111.4496,2479.3526,1915.4278,333.0159,5822.6512,26.3052,13.4848,224.1843,24.8201,291.9841,1124.15
2018-02-09,3872.8401,2337.2913,1786.7126,309.3827,5409.8322,25.5912,12.7759,212.1576,22.9449,286.6579,1134.01
2018-02-16,4135.2277,2419.5011,1874.0884,327.5107,5686.2506,25.6209,13.1049,239.2129,23.1738,284.1163,1118.81
2018-02-23,4251.6278,2431.8492,1846.9797,325.7996,5638.904,25.4981,13.1683,238.4505,23.9927,294.0017,1126.34
2018-03-02,4153.993,2343.5504,1774.9098,315.6471,5420.859,25.3052,12.8896,227.3612,23.6764,287.9512,1129.23
2018-03-09,4212.0627,2386.689,1825.5911,324.5936,5577.2626,24.7945,12.7934,237.5368,24.261,318.8099,1129.31
2018-03-16,4078.8811,2367.8197,1820.4963,324.2973,5560.9805,24.7682,13.0407,227.9657,24.7912,323.7007,1131.94
2018-03-23,4034.0122,2331.5314,1770.1376,315.5269,5462.7131,24.3774,12.6352,226.2363,24.1852,321.8973,1122.38
2018-03-30,4069.5459,2349.0525,1796.5185,319.1659,5526.6975,24.5378,12.9803,216.221,24.4169,324.5637,1124.77
2018-04-06,3979.2996,2352.6242,1779.2483,322.9734,5651.8922,25.2196,12.8724,215.1096,24.1192,313.413,1126.7
2018-04-13,3901.7244,2389.9006,1797.7686,328.1325,5787.7721,25.4428,12.9413,215.0834,24.2915,311.8153,1121.14
2018-04-20,3963.6054,2397.7259,1793.3892,333.1047,5789.0379,25.288,13.0847,219.979,23.5877,318.7485,1131.42
2018-04-27,3945.3261,2412.0016,1783.2905,332.6268,5784.4127,25.4693,13.0907,210.889,23.0533,333.0089,1143.15
2018-05-04,3724.4757,2424.1167,1772.9891,331.8163,5735.7651,24.9793,12.9546,210.7088,22.8236,326.8071,1156.45
2018-05-11,3777.9389,2481.7993,1793.2663,335.0654,5876.5018,25.0286,13.1954,218.4077,23.5978,308.1276,1156.71
2018-05-18,3523.3838,2492.0455,1789.4615,333.6037,5889.9383,24.1912,13.1803,204.8002,23.2676,301.5238,1170.73
2018-05-25,3415.9224,2456.8603,1764.5808,327.5374,5780.0751,24.3283,12.9892,207.6796,23.5346,292.973,1171.06
2018-06-01,3252.3293,2457.0847,1744.853,325.305,5775.5202,24.7287,12.8234,205.635,23.4869,293.0431,1172.49
2018-06-08,3054.2636,2483.3752,1731.5556,327.6087,5795.0584,24.8485,13.0714,200.493,23.9029,293.3627,1169.52
2018-06-15,2959.0014,2458.9439,1739.51,327.2491,5703.5018,24.8084,13.006,193.5761,23.5128,296.913,1186.06
2018-06-22,2970.0876,2453.7592,1746.1374,321.698,5731.6101,24.8669,12.7663,191.6814,23.0011,295.3673,1180.74
2018-06-29,2996.5942,2467.4019,1741.6589,319.2312,5681.1809,24.3743,12.5901,190.2549,22.9227,299.2143,1181.2
2018-07-06,3021.1185,2487.3035,1765.6234,324.4518,5697.0097,24.3661,12.382,194.2197,22.6369,295.3917,1172.69
2018-07-13,3144.5617,2508.0857,1774.8031,326.0275,5709.6336,25.051,12.4612,194.7107,23.3227,289.7018,1179.43
2018-07-20,3301.5886,2492.562,1813.3941,325.1264,5677.8727,24.9486,12.6484,194.1962,23.7,277.1881,1177.58
2018-07-27,3417.7762,2506.6421,1848.8273,329.8156,5695.9656,25.6942,12.9223,198.9068,24.1409,279.9247,1175.47
2018-08-03,3483.9322,2528.3418,1847.4732,326.4982,5628.1045,26.0646,12.664,196.5447,24.1628,295.174,1178.96
2018-08-10,3170.7125,2482.5905,1818.4963,317.8046,5545.988,26.0326,12.5581,186.0196,24.0323,294.0315,1191.18
2018-08-17,3073.6191,2495.9818,1814.6428,314.4146,5469.7647,25.8558,12.4651,171.4106,23.4022,284.7985,1188.12
2018-08-24,2979.5047,2507.4349,1848.315,325.375,5536.4559,26.2707,12.457,188.3037,23.7806,284.7985,1180.66
2018-08-31,2973.0413,2486.3371,1859.5109,323.1429,5478.5556,26.2197,12.6482,180.1091,24.4317,297.8317,1182.43
2018-09-07,3014.1759,2437.5635,1830.3437,313.7433,5356.4826,25.6006,12.2927,168.4739,24.0628,292.6199,1188.49
2018-09-14,2893.1603,2451.1157,1863.9944,321.4942,5440.817,25.4551,12.5263,170.3236,24.0049,284.4042,1181.97
2018-09-21,3113.5125,2513.0064,1882.4032,331.7552,5588.579,24.4542,12.9918,180.323,24.2873,267.3944,1175.1
2018-09-28,3181.5617,2487.1728,1867.9265,328.3143,5589.0882,23.7926,13.0844,176.9665,24.5401,278.9214,1183.18
2018-10-05,3394.6316,2472.9706,1821.9288,317.9289,5474.7494,21.8607,12.9087,162.668,23.1096,266.8964,1189.81
2018-10-12,3502.9154,2360.9042,1745.6331,303.5786,5271.4818,22.2576,12.4376,165.4747,22.1186,255.4617,1186.2
2018-10-19,3626.1992,2354.9404,1777.5564,302.5111,5277.3913,21.8668,12.3289,162.6273,21.8406,263.7957,1192.83
2018-10-26,3701.5853,2277.5587,1737.2461,292.4864,5098.4102,21.3696,11.7012,155.8053,20.72,259.9474,1197.59
2018-11-02,3811.202,2314.8019,1791.0342,299.8851,5260.1341,22.7847,12.017,171.6178,22.092,262.2294,1201.33
2018-11-09,3636.9107,2318.0085,1802.0537,299.0124,5282.9246,23.0323,12.0308,169.9947,21.599,270.7997,1206.52
2018-11-16,3760.0889,2317.4388,1776.1564,296.0891,5166.634,23.4267,11.8424,171.5407,21.4196,272.4465,1200.97
2018-11-23,3597.0831,2285.1298,1768.1079,289.2834,5123.3585,23.3023,11.8158,170.0861,20.8613,267.7953,1207.54
2018-11-30,3675.6966,2302.3097,1798.6147,292.2009,5122.8231,24.4321,12.0021,171.1089,21.4197,255.4953,1208.43
2018-12-07,3638.1084,2236.8071,1757.5146,283.1403,4968.0347,23.4203,11.7827,168.8583,20.9575,236.7182,1204.18
2018-12-14,3579.4719,2200.1777,1742.1123,282.9587,4951.2681,23.5983,11.5325,166.1183,21.0676,248.8148,1212.46
2018-12-21,3525.8159,2064.0784,1687.206,275.7462,4888.0297,24.0669,11.0287,163.7288,21.0077,255.1651,1206.67
2018-12-28,3624.7852,2101.5785,1702.1615,276.323,4923.2238,24.3905,11.1423,170.0825,21.2881,249.8711,1198.22
2019-01-04,3937.15,2168.6356,1735.7138,278.9772,5010.8208,24.1299,11.1633,175.11,20.1525,259.0389,1191.38
2019-01-11,4027.3665,2270.5183,1784.0394,284.2197,5123.2498,24.0212,11.6588,181.892,21.1087,254.574,1183.97
2019-01-18,4095.6174,2336.4345,1801.5857,286.597,5172.9178,24.0213,11.6998,181.7037,21.1957,267.1993,1190.92
2019-01-25,4126.9876,2345.4691,1788.4924,290.4536,5167.1616,23.9501,11.7806,186.7604,21.6797,272.5492,1183.31
2019-02-01,4272.702,2392.455,1803.956,297.0677,5291.113,24.0539,11.796,189.1047,21.4661,279.7611,1181.98
2019-02-08,4074.8556,2378.0669,1796.7982,289.9292,5265.4773,24.1831,11.565,181.0044,21.4661,296.8732,1192.07
2019-02-15,4179.1348,2412.8697,1833.2603,299.1323,5378.5162,23.5228,11.7569,176.0582,21.7002,305.9527,1195.04
2019-02-22,4186.8672,2457.806,1869.2147,304.826,5436.5935,23.9005,11.9995,183.0421,22.4057,307.5173,1190.5
2019-03-01,3982.7365,2449.79,1881.2472,308.8654,5444.5217,24.1471,11.8836,178.8304,22.5273,293.2875,1193.46
2019-03-08,3942.132,2411.5006,1864.0516,302.937,5374.6339,24.7976,11.6764,175.1681,21.9476,296.6321,1201.2
2019-03-15,4145.0383,2457.1829,1915.1871,314.8325,5585.2024,25.8798,11.8622,177.1009,22.4812,295.927,1192.81
2019-03-22,3842.7525,2429.2865,1900.7918,306.836,5535.6772,25.8089,12.118,176.4127,23.0292,292.8556,1191.1
2019-03-29,3913.8157,2441.7898,1930.7264,309.1369,5502.9056,26.1448,11.9768,178.4091,23.0177,293.1629,1198.44
2019-04-05,4012.7832,2489.3263,1942.9021,316.572,5643.5589,26.3331,12.1376,189.1353,23.2502,313.7542,1198.24
2019-04-12,3834.095,2515.6735,1931.4789,320.3978,5676.2853,26.2818,11.968,195.5058,23.5454,315.8204,1192.56
2019-04-19,3815.0969,2533.2213,1930.1075,322.9374,5644.1064,26.3975,12.0819,197.7834,24.0462,312.4245,1197.2
2019-04-26,3905.8607,2521.287,1959.1597,321.5205,5604.4769,26.2355,12.1292,193.761,23.9132,317.1586,1204.21
2019-05-03,3884.3593,2513.0156,1964.8682,322.5171,5660.6998,26.2204,12.1292,196.0515,24.3037,320.5053,1198.59
2019-05-10,3776.1975,2476.9572,1929.4897,312.3249,5485.8329,24.9085,11.8346,189.8133,23.446,308.538,1198.47
2019-05-17,3515.6594,2484.8968,1969.7798,316.4067,5489.7384,24.9244,11.8402,181.9142,22.1724,299.2977,1207.51
2019-05-24,3685.3717,2462.5255,1989.6493,311.6857,5428.8554,26.2186,11.8003,174.0275,21.8083,301.4247,1201.77
2019-05-31,3951.737,2418.4925,1964.0944,306.3048,5312.4317,26.4055,11.673,178.5278,22.1387,306.8778,1206.19
2019-06-07,4046.2815,2497.6928,2038.6394,320.4531,5494.0648,26.3786,11.8646,179.7113,22.1232,308.2841,1195.42
2019-06-14,4018.1039,2486.3418,2032.0668,317.2547,5441.7828,26.1352,11.9329,181.4637,22.2598,316.3875,1202.31
2019-06-21,4256.1652,2555.109,2090.9205,329.7387,5537.5586,25.9236,12.0676,191.1544,23.3762,317.2092,1187.31
2019-06-28,4195.8748,2562.8913,2089.8725,331.1449,5553.0244,26.3328,12.0908,190.4382,23.3645,316.2281,1186.92
2019-07-05,4328.4512,2585.7408,2073.3591,330.3769,5561.7819,26.4253,12.3038,187.8993,23.5069,315.264,1195.16
2019-07-12,4414.0819,2591.3984,2051.2051,330.5225,5551.9123,25.9102,12.268,189.6381,23.8439,313.1451,1190.58
2019-07-19,4399.2394,2579.6511,2091.6226,328.8013,5526.8086,25.6112,12.2062,193.4639,24.1263,309.7754,1193.03
2019-07-26,4328.2454,2564.2054,2075.7613,329.2824,5502.8519,25.3436,12.1592,185.3584,24.2649,309.5605,1202.65
2019-08-02,4197.8952,2512.0346,2075.3119,314.8439,5292.925,24.4364,12.1219,178.0842,23.2143,312.7166,1205.13
2019-08-09,4197.6297,2517.9478,2086.6839,315.5747,5173.5312,24.2312,12.0028,170.2914,23.284,322.9609,1202.7
2019-08-16,3979.0177,2478.2532,2068.2823,310.4813,5130.9406,24.0718,11.7775,163.581,23.1195,324.0691,1208.9
2019-08-23,3831.9557,2452.4411,2081.9158,313.4457,5166.6713,23.6423,12.0098,163.6634,23.3143,322.95,1206.3
2019-08-30,3907.2298,2523.3125,2083.8771,317.9317,5206.0011,24.1572,11.9771,168.6891,23.7137,340.7638,1216.62
2019-09-06,4046.7323,2566.4349,2127.362,325.9165,5320.8094,23.901,12.1539,176.2194,24.1993,348.0047,1208.98
2019-09-13,4073.2572,2579.417,2100.047,330.0898,5459.4275,24.3477,12.5778,184.073,24.5572,354.3725,1206.65
2019-09-20,4003.0641,2610.1376,2098.9047,329.966,5454.184,24.6602,12.6371,176.6135,24.7754,351.0122,1209.78
2019-09-27,4036.0302,2583.9897,2106.5629,325.7845,5435.9321,25.0474,12.6624,169.1001,24.6396,334.858,1216.36
2019-10-04,4020.8096,2529.0814,2056.7278,318.5359,5246.2806,24.3843,12.522,168.9889,24.9543,341.3048,1211.76
2019-10-11,4025.9539,2555.9683,2090.0503,330.4526,5466.6206,24.633,12.5226,176.4913,25.0877,345.1487,1206.01
2019-10-18,4041.6167,2560.0872,2092.9011,332.4215,5507.5916,25.397,12.7395,177.3261,26.0568,341.0724,1196.09
2019-10-25,4262.8563,2583.2374,2113.5231,335.0485,5584.464,25.2579,12.891,175.7006,26.2901,345.912,1199.7
2019-11-01,4337.2127,2599.3564,2146.2513,340.3372,5616.4763,26.1407,13.0955,172.7239,26.7913,352.7705,1194.2
2019-11-08,4155.7641,2634.2136,2132.5606,342.8864,5597.7771,25.7382,13.2634,177.1471,27.4252,362.3168,1204.33
2019-11-15,4064.5364,2657.4482,2149.2921,346.5052,5622.0536,25.5067,13.2444,177.1417,27.2409,356.9808,1202.19
2019-11-22,4148.1381,2630.9572,2140.7031,343.0822,5608.0807,25.601,13.2145,179.6863,27.2917,345.2919,1206.87
